Name,Hash,Id,Tag,Tier,Type,Source,Equippable,Power,Power Limit,Masterwork Type,Masterwork Tier,Owner,Armor2.0,Locked,Equipped,Year,Season,Event,Mobility,Resilience,Recovery,Discipline,Intellect,Strength,Total,Custom,Mobility (Base),Resilience (Base),Recovery (Base),Discipline (Base),Intellect (Base),Strength (Base),Total (Base),Custom (Base),Seasonal Mod,Notes,Perks 0,Perks 1,Perks 2,Perks 3,Perks 4,Perks 5,Perks 6,Perks 7,Perks 8,Perks 9,Perks 10,Perks 11
Prime Zealot Mask,586128500,"""6917529395544349087""",,Legendary,Helmet,vog,Hunter,1310,,Arc Energy Capacity,1,Hunter(1335),true,false,false,4,14,,14,14,2,6,6,18,60,16,14,14,2,6,6,18,60,16,"combatstyle,vaultofglass",,Change Energy Type*,*,*,*,*,,,,,,,
Celestial Nighthawk,1321354573,"""6917529102625000945""",,Exotic,Helmet,,Hunter,1310,,Solar Energy Capacity,9,Hunter(1335),true,true,false,1,1,,17,13,6,6,12,6,60,13,7,13,6,6,12,6,50,13,combatstyle,,Mobility Mod*,Fusion Rifle Ammo Finder*,Grenade Launcher Ammo Finder*,Crucible Peppermint*,Upgrade Armor*,*,*,*,*,Victorian Silverhawk*,Hawkeye Hack*,
Eternal Warrior,2808156426,"""6917529377873247478""",junk,Exotic,Helmet,,Titan,1316,,Void Energy Capacity,2,Hunter(1335),true,false,false,1,3,,16,8,12,2,20,12,70,10,16,8,12,2,20,12,70,10,combatstyle,,Upgrade Armor*,*,*,*,*,Resolute*,,,,,,
Mask of the Great Hunt,1190016345,"""6917529171706295155""",junk,Legendary,Helmet,lastwish,Hunter,1319,,Void Energy Capacity,9,Hunter(1335),true,true,false,3,11,,20,21,2,15,6,8,72,12,10,21,2,15,6,8,62,12,combatstyle,,Mobility Mod*,Scout Rifle Targeting*,Scout Rifle Ammo Finder*,Upgrade Armor*,*,*,*,*,,,,
Shadow Specter,402937789,"""6917529407627477429""",,Rare,Helmet,campaign,Hunter,1310,,Solar Energy Capacity,5,Hunter(1335),true,false,false,2,4,,6,7,10,2,6,18,49,16,6,7,10,2,6,18,49,16,,,Upgrade Armor*,*,*,*,*,,,,,,,
Assassin's Cowl,2203146422,"""6917529328031039884""",,Exotic,Helmet,campaign,Hunter,1309,,Solar Energy Capacity,4,Hunter(1335),true,false,false,3,8,,13,8,10,14,14,7,66,23,13,8,10,14,14,2,61,23,combatstyle,,Minor Strength Mod*,Trace Rifle Ammo Finder*,Upgrade Armor*,*,*,*,*,Vanishing Execution*,,,,
Sealed Ahamkara Grasps,1688602431,"""6917529244313922713""",,Exotic,Gauntlets,,Hunter,1256,,Solar Energy Capacity,1,Hunter(1335),true,false,false,1,3,,11,3,20,19,8,2,63,31,11,3,20,19,8,2,63,31,combatstyle,,Change Energy Type*,*,*,*,*,Nightmare Fuel*,,,,,,
Shinobu's Vow,1053737370,"""6917529148702765398""",,Exotic,Gauntlets,,Hunter,1310,,Void Energy Capacity,9,Hunter(1335),true,true,false,1,2,,7,10,15,9,18,2,61,22,7,10,15,9,18,2,61,22,combatstyle,,Impulse Recycler*,Impulse Recycler*,Elemental Ordnance*,Upgrade Armor*,*,*,*,*,Mantle of Remembrance*,New Tricks*,,
Holdfast Grips,3750210364,"""6917529196552990405""",,Legendary,Gauntlets,seasonpass,Hunter,1310,,Arc Energy Capacity,10,Hunter(1335),true,true,false,3,11,,14,22,11,10,16,11,84,11,2,20,9,8,14,9,62,11,combatstyle,,Mobility Mod*,Overload Submachine Gun*,Carminica*,Upgrade Armor*,*,*,*,*,Neoteric Kiyot Grasps*,,,
Young Ahamkara's Spine,475652357,"""6917529195734858132""",,Exotic,Gauntlets,,Hunter,1100,,Solar Energy Capacity,9,Hunter(1335),true,false,false,1,1,,7,11,14,6,11,14,63,21,7,11,14,6,11,14,63,21,combatstyle,,Impulse Recycler*,Impulse Recycler*,Elemental Ordnance*,Upgrade Armor*,*,*,*,*,Wish-Dragon Teeth*,,,
Seventh Seraph Grips,2701297915,"""6917529219027605208""",junk,Legendary,Gauntlets,seasonpass,Hunter,1251,,Solar Energy Capacity,8,Hunter(1335),true,false,false,3,10,,2,6,20,26,2,6,62,22,2,6,20,26,2,6,62,22,combatstyle,,Impact Induction*,Impact Induction*,Blast Radius*,Change Energy Type*,*,*,*,*,,,,
Aeon Swift,3942036043,"""6917529395527446485""",,Exotic,Gauntlets,,Hunter,1318,,Solar Energy Capacity,1,Hunter(1335),true,false,false,1,2,,24,7,3,7,7,18,66,27,24,7,3,7,7,18,66,27,combatstyle,,Change Energy Type*,*,*,*,*,Sect of Force*,,,,,,
War Mantis,803939997,"""6917529404777088293""",,Rare,Gauntlets,campaign,Hunter,1310,,Void Energy Capacity,5,Hunter(1335),true,false,false,2,4,,14,4,33,0,0,0,51,47,14,4,33,0,0,0,51,47,,,Upgrade Armor*,*,*,*,*,,,,,,,
Shards of Galanor,691578979,"""6917529359679765441""",,Exotic,Gauntlets,,Hunter,1310,,Void Energy Capacity,7,Hunter(1335),true,false,false,2,4,,3,15,14,9,18,2,61,17,3,15,14,9,18,2,61,17,combatstyle,,Impulse Recycler*,Elemental Ordnance*,Upgrade Armor*,*,*,*,*,Sharp Edges*,,,,
Illuminus Grasps (Magnificent),2245996336,"""6917529407619429040""",,Legendary,Gauntlets,events,Hunter,1319,,Void Energy Capacity,1,Hunter(1335),true,false,false,4,14,Solstice of Heroes,15,2,14,14,14,2,61,29,15,2,14,14,14,2,61,29,combatstyle,,Change Energy Type*,*,*,*,*,,,,,,,
Prime Zealot Cuirass,1133961267,"""6917529365137920926""",,Legendary,Chest Armor,vog,Hunter,1313,,Solar Energy Capacity,9,Hunter(1335),true,false,false,4,14,,15,15,2,16,13,2,63,17,15,15,2,16,13,2,63,17,"combatstyle,vaultofglass",,Concussive Dampener*,Sniper Damage Resistance*,Firepower*,Upgrade Armor*,*,*,*,*,Anti-Oracle*,,,
Prime Zealot Cuirass,1133961267,"""6917529395564872953""",,Legendary,Chest Armor,vog,Hunter,1320,,Void Energy Capacity,2,Hunter(1335),true,false,false,4,14,,13,2,17,2,10,21,65,30,13,2,17,2,10,21,65,30,"combatstyle,vaultofglass",,Upgrade Armor*,*,*,*,*,,,,,,,
The Sixth Coyote,1474735277,"""6917529326349067611""",,Exotic,Chest Armor,,Hunter,1310,,Solar Energy Capacity,10,Hunter(1335),true,false,false,2,4,,27,9,12,16,17,4,85,25,15,7,10,14,15,2,63,25,combatstyle,,Mobility Mod*,Grenade Launcher Reserves*,Grenade Launcher Reserves*,Global Reach*,Carminica*,Upgrade Armor*,*,*,*,*,Double Dodge*,
Kabr's Wrath,3890978501,"""6917529380825418723""",,Legendary,Chest Armor,vog,Titan,1310,,Arc Energy Capacity,2,Hunter(1335),true,false,false,4,14,,2,15,16,14,7,9,63,29,2,15,16,14,7,9,63,29,"combatstyle,vaultofglass",,Upgrade Armor*,*,*,*,*,,,,,,,
Kabr's Wrath,3890978501,"""6917529398909144109""",,Legendary,Chest Armor,vog,Titan,1320,,Arc Energy Capacity,1,Hunter(1335),true,false,false,4,14,,6,2,23,2,15,15,63,4,6,2,23,2,15,15,63,4,"combatstyle,vaultofglass",,Change Energy Type*,*,*,*,*,,,,,,,
Lightkin Plate,3497822409,"""6917529395346489922""",,Legendary,Chest Armor,servitor,Titan,1320,,Arc Energy Capacity,5,Hunter(1335),true,false,false,4,14,,20,2,12,2,26,2,64,4,20,2,12,2,26,2,64,4,combatstyle,,Upgrade Armor*,*,*,*,*,,,,,,,
Scorned Baron Vest,988607392,"""6917529407040425877""",,Legendary,Chest Armor,tangled,Hunter,1310,,Arc Energy Capacity,1,Hunter(1335),true,false,false,4,12,,7,17,2,16,12,2,56,9,7,17,2,16,12,2,56,9,combatstyle,,Change Energy Type*,*,*,*,*,,,,,,,
Flowing Vest (CODA),508076356,"""6917529199631264424""",,Legendary,Chest Armor,dungeon,Hunter,1300,,Void Energy Capacity,10,Hunter(1335),true,false,false,3,11,,34,9,4,4,21,11,83,24,22,7,2,2,19,9,61,24,combatstyle,,Mobility Mod*,Rocket Launcher Reserves*,Rocket Launcher Reserves*,Carminica*,Upgrade Armor*,*,*,*,*,Neoteric Kiyot Vest*,,
Mythos Hack 4.1,747210772,"""6917529407634899957""",,Rare,Chest Armor,campaign,Hunter,1310,,Void Energy Capacity,5,Hunter(1335),true,false,false,2,4,,2,6,16,12,2,12,50,18,2,6,16,12,2,12,50,18,,,Metallic Sunset*,Upgrade Armor*,*,*,*,*,,,,,,
Kerak Type 2,623912054,"""6917529396444565760""",,Legendary,Leg Armor,legendaryengram,Titan,1320,,Void Energy Capacity,1,Hunter(1335),true,false,false,4,12,,2,17,7,2,11,13,52,19,2,17,7,2,11,13,52,19,combatstyle,,Change Energy Type*,*,*,*,*,,,,,,,
Legacy's Oath Strides,1264765761,"""6917529225000238875""",,Legendary,Leg Armor,deepstonecrypt,Hunter,1306,,Void Energy Capacity,10,Hunter(1335),true,false,false,4,12,,4,16,24,4,32,-6,74,14,2,14,12,2,30,2,62,14,"combatstyle,deepstonecrypt",,Recovery Mod*,Fusion Rifle Scavenger*,Fusion Rifle Scavenger*,Protective Light*,Seven Sisters*,Upgrade Armor*,*,*,*,*,Neoteric Kiyot Strides*,
Prime Zealot Strides,129332559,"""6917529395537956016""",,Legendary,Leg Armor,vog,Hunter,1310,,Void Energy Capacity,1,Hunter(1335),true,false,false,4,14,,15,8,7,8,13,10,61,22,15,8,7,8,13,10,61,22,"combatstyle,vaultofglass",,Change Energy Type*,*,*,*,*,,,,,,,
Legacy's Oath Strides,1264765761,"""6917529330357062108""",,Legendary,Leg Armor,deepstonecrypt,Hunter,1310,,Solar Energy Capacity,10,Hunter(1335),true,false,false,4,12,,21,8,8,24,4,19,84,25,19,6,6,22,2,7,62,25,"combatstyle,deepstonecrypt",,Strength Mod*,Grenade Launcher Scavenger*,Grenade Launcher Scavenger*,Carminica*,Upgrade Armor*,*,*,*,*,Neoteric Kiyot Strides*,,
Woven Firesmith Boots,3200956542,"""6917529392498245537""",,Legendary,Leg Armor,blackarmory,Hunter,1310,,Solar Energy Capacity,1,Hunter(1335),true,false,false,4,14,,14,2,12,7,14,6,55,26,14,2,12,7,14,6,55,26,combatstyle,,New Age Black Armory*,Change Energy Type*,*,*,*,*,,,,,,
Kabr's Forceful Greaves,123979037,"""6917529398901385990""",,Legendary,Leg Armor,vog,Titan,1320,,Arc Energy Capacity,1,Hunter(1335),true,false,false,4,14,,16,12,2,16,14,2,62,28,16,12,2,16,14,2,62,28,"combatstyle,vaultofglass",,Change Energy Type*,*,*,*,*,,,,,,,
RPC Valiant,2825160682,"""6917529408729102813""",,Rare,Leg Armor,campaign,Titan,1310,,Void Energy Capacity,5,Hunter(1335),true,false,false,2,4,,12,6,8,2,2,22,52,8,12,6,8,2,2,22,52,8,,,Upgrade Armor*,*,*,*,*,,,,,,,
The Outlander's Steps,3880804895,"""6917529407627480952""",,Rare,Leg Armor,campaign,Hunter,1310,,Void Energy Capacity,5,Hunter(1335),true,false,false,2,4,,11,6,6,6,11,6,46,17,11,6,6,6,11,6,46,17,,,Upgrade Armor*,*,*,*,*,,,,,,,
Errant Knight 1.0,3166972772,"""6917529407612589500""",,Legendary,Leg Armor,legendaryengram,Hunter,1310,,Solar Energy Capacity,3,Hunter(1335),true,false,false,4,12,,13,12,2,7,8,11,53,15,13,12,2,7,8,11,53,15,combatstyle,,Upgrade Armor*,*,*,*,*,,,,,,,
Shattered Vault Cloak,3339387242,"""6917529395554249948""",,Legendary,Hunter Cloak,vog,Hunter,1310,,Solar Energy Capacity,1,Hunter(1335),true,false,false,4,14,,0,0,0,0,0,0,0,0,0,0,0,0,0,0,0,0,"combatstyle,vaultofglass",,Change Energy Type*,,,,,,,,,,,
Shattered Vault Cloak,3339387242,"""6917529381529360013""",,Legendary,Hunter Cloak,vog,Hunter,1310,,Solar Energy Capacity,9,Hunter(1335),true,false,false,4,14,,0,0,0,0,0,0,0,0,0,0,0,0,0,0,0,0,"combatstyle,vaultofglass",,Bomber*,Firepower*,Upgrade Armor*,Anti-Oracle*,,,,,,,,
Legacy's Oath Cloak,1021060724,"""6917529314159168198""",,Legendary,Hunter Cloak,deepstonecrypt,Hunter,1310,,Arc Energy Capacity,10,Hunter(1335),true,false,false,4,12,,22,2,2,2,2,12,42,0,0,0,0,0,0,0,0,0,"combatstyle,deepstonecrypt",,Strength Mod*,Outreach*,Powerful Friends*,Carminica*,Upgrade Armor*,Wing Contender*,,,,,,
Illuminus Cloak (Magnificent),2035035511,"""6917529407619430774""",,Legendary,Hunter Cloak,events,Hunter,1310,,Void Energy Capacity,5,Hunter(1335),true,false,false,4,14,Solstice of Heroes,0,0,0,0,0,0,0,0,0,0,0,0,0,0,0,0,combatstyle,,Upgrade Armor*,,,,,,,,,,,
Crystocrene Cloak,2371224642,"""6917529404782489467""",,Legendary,Hunter Cloak,europa,Hunter,1318,,Void Energy Capacity,6,Hunter(1335),true,false,false,4,12,,0,0,0,0,0,0,0,0,0,0,0,0,0,0,0,0,combatstyle,,Upgrade Armor*,,,,,,,,,,,
Legacy's Oath Mark,2956588906,"""6917529398932235132""",,Legendary,Titan Mark,deepstonecrypt,Titan,1320,,Solar Energy Capacity,3,Hunter(1335),true,false,false,4,12,,0,0,0,0,0,0,0,0,0,0,0,0,0,0,0,0,"combatstyle,deepstonecrypt",,Upgrade Armor*,,,,,,,,,,,
Crystocrene Mark,2946767412,"""6917529396332499592""",,Legendary,Titan Mark,europa,Titan,1320,,Void Energy Capacity,3,Hunter(1335),true,false,false,4,12,,0,0,0,0,0,0,0,0,0,0,0,0,0,0,0,0,combatstyle,,Upgrade Armor*,,,,,,,,,,,
Illuminus Cloak (Magnificent),2035035511,"""6917529407612587352""",,Legendary,Hunter Cloak,events,Hunter,1310,,Solar Energy Capacity,1,Hunter(1335),true,false,false,4,14,Solstice of Heroes,0,0,0,0,0,0,0,0,0,0,0,0,0,0,0,0,combatstyle,,Change Energy Type*,,,,,,,,,,,
Holeshot Cloak,2751794832,"""6917529407634898760""",,Legendary,Hunter Cloak,,Hunter,1310,,Solar Energy Capacity,1,Hunter(1335),true,false,false,4,12,,0,0,0,0,0,0,0,0,0,0,0,0,0,0,0,0,combatstyle,,Change Energy Type*,,,,,,,,,,,
Illuminus Cloak (Magnificent),2035035511,"""6917529407634899958""",,Legendary,Hunter Cloak,events,Hunter,1310,,Void Energy Capacity,2,Hunter(1335),true,false,false,4,14,Solstice of Heroes,0,0,0,0,0,0,0,0,0,0,0,0,0,0,0,0,combatstyle,,Upgrade Armor*,,,,,,,,,,,
Illuminus Strides (Magnificent),2077249154,"""6917529407619423071""",,Legendary,Leg Armor,events,Hunter,1310,,Arc Energy Capacity,2,Hunter(1335),true,false,false,4,14,Solstice of Heroes,16,9,7,24,2,6,64,23,16,9,7,24,2,6,64,23,combatstyle,,Upgrade Armor*,*,*,*,*,,,,,,,
Illuminus Vest (Magnificent),1319537766,"""6917529407627474929""",,Legendary,Chest Armor,events,Hunter,1310,,Arc Energy Capacity,1,Hunter(1335),true,false,false,4,14,Solstice of Heroes,2,15,14,2,27,2,62,16,2,15,14,2,27,2,62,16,combatstyle,,Change Energy Type*,*,*,*,*,,,,,,,
Illuminus Mask (Magnificent),343482209,"""6917529407515434095""",,Legendary,Helmet,events,Hunter,1319,,Solar Energy Capacity,3,Hunter(1335),true,false,true,4,14,Solstice of Heroes,6,7,13,11,11,2,50,19,6,7,13,11,11,2,50,19,combatstyle,,Upgrade Armor*,*,*,*,*,,,,,,,
Illuminus Grasps (Magnificent),2245996336,"""6917529407489227265""",,Legendary,Gauntlets,events,Hunter,1319,,Arc Energy Capacity,1,Hunter(1335),true,false,true,4,14,Solstice of Heroes,2,12,13,13,7,7,54,15,2,12,13,13,7,7,54,15,combatstyle,,Change Energy Type*,*,*,*,*,,,,,,,
Illuminus Vest (Magnificent),1319537766,"""6917529407515440671""",,Legendary,Chest Armor,events,Hunter,1319,,Arc Energy Capacity,1,Hunter(1335),true,false,true,4,14,Solstice of Heroes,14,7,8,10,12,7,58,22,14,7,8,10,12,7,58,22,combatstyle,,Change Energy Type*,*,*,*,*,,,,,,,
Illuminus Strides (Magnificent),2077249154,"""6917529407515434006""",,Legendary,Leg Armor,events,Hunter,1319,,Void Energy Capacity,5,Hunter(1335),true,false,true,4,14,Solstice of Heroes,12,7,6,12,2,10,49,18,12,7,6,12,2,10,49,18,combatstyle,,Upgrade Armor*,*,*,*,*,,,,,,,
Illuminus Cloak (Magnificent),2035035511,"""6917529407515441313""",,Legendary,Hunter Cloak,events,Hunter,1319,,Void Energy Capacity,2,Hunter(1335),true,false,true,4,14,Solstice of Heroes,0,0,0,0,0,0,0,0,0,0,0,0,0,0,0,0,combatstyle,,Upgrade Armor*,,,,,,,,,,,
Sunstead Helm (Magnificent),2809967987,"""6917529405864087541""",,Legendary,Helmet,events,Titan,1320,,Void Energy Capacity,1,Titan(1337),true,false,false,4,14,Solstice of Heroes,2,16,6,2,12,13,51,18,2,16,6,2,12,13,51,18,combatstyle,,Change Energy Type*,*,*,*,*,,,,,,,
Seventh Seraph Helmet,2021231310,"""6917529221052743609""",junk,Legendary,Helmet,seasonpass,Titan,1313,,Void Energy Capacity,10,Titan(1337),true,true,false,3,10,,4,9,20,22,13,4,72,27,2,7,18,20,6,2,55,27,combatstyle,,Minor Intellect Mod*,Sword Ammo Finder*,Sword Ammo Finder*,Blast Radius*,Pomegranate Gloss*,Upgrade Armor*,*,*,*,*,Helm of Optimacy*,
Lightkin Helm,4129456190,"""6917529395350561993""",,Legendary,Helmet,servitor,Titan,1310,,Arc Energy Capacity,2,Titan(1337),true,true,false,4,14,,2,6,26,10,16,7,67,16,2,6,26,10,16,7,67,16,combatstyle,,Upgrade Armor*,*,*,*,*,,,,,,,
Kabr's Battlecage,4029224226,"""6917529366398799691""",,Legendary,Helmet,vog,Titan,1315,,Void Energy Capacity,1,Titan(1337),true,true,false,4,14,,2,18,13,13,18,2,66,31,2,18,13,13,18,2,66,31,"combatstyle,vaultofglass",,Change Energy Type*,*,*,*,*,,,,,,,
Legacy's Oath Helm,3015085684,"""6917529290670997257""",,Legendary,Helmet,deepstonecrypt,Titan,1300,,Solar Energy Capacity,10,Titan(1337),true,false,false,4,12,,16,18,4,4,11,24,77,18,14,16,2,2,9,22,65,18,"combatstyle,deepstonecrypt",,Sniper Rifle Ammo Finder*,Sniper Rifle Ammo Finder*,Monochromatic*,Upgrade Armor*,*,*,*,*,Star-Crossed Helm*,,,
Kabr's Battlecage,4029224226,"""6917529387468787140""",,Legendary,Helmet,vog,Titan,1320,,Solar Energy Capacity,10,Titan(1337),true,false,false,4,14,,9,12,16,28,9,4,78,31,7,10,14,21,7,2,61,31,"combatstyle,vaultofglass",,Minor Discipline Mod*,Shotgun Ammo Finder*,Grenade Launcher Ammo Finder*,Elemental Charge*,Omnichronia*,Upgrade Armor*,*,*,*,*,Solstice Helm (Magnificent)*,
Legacy's Oath Gauntlets,1887490701,"""6917529211294766853""",,Legendary,Gauntlets,deepstonecrypt,Titan,1319,,Void Energy Capacity,10,Titan(1337),true,true,false,4,12,,8,26,11,22,4,14,85,34,6,14,9,20,2,12,63,34,"combatstyle,deepstonecrypt",,Resilience Mod*,Scout Rifle Loader*,Elemental Ordnance*,Omolon Meteor*,Upgrade Armor*,*,*,*,*,Sunstead Gauntlets*,,
Citan's Ramparts,1190497097,"""6917529407882959857""",,Exotic,Gauntlets,,Titan,1320,,Void Energy Capacity,2,Titan(1337),true,false,false,3,10,,2,22,8,11,14,6,63,33,2,22,8,11,14,6,63,33,combatstyle,,Upgrade Armor*,*,*,*,*,Assault Barricade*,,,,,,
Iron Fellowship Gauntlets,3517179757,"""6917529196523883119""",,Legendary,Gauntlets,ironbanner,Titan,1312,,Solar Energy Capacity,10,Titan(1337),true,true,false,3,11,,11,4,22,19,16,9,81,14,9,2,20,12,14,7,64,14,combatstyle,,Minor Discipline Mod*,Submachine Gun Loader*,Heal Thyself*,Aposematism*,Upgrade Armor*,*,*,*,*,Iron Remembrance Gauntlets*,,
Sunstead Gauntlets (Magnificent),3234744410,"""6917529405875605748""",,Legendary,Gauntlets,events,Titan,1320,,Solar Energy Capacity,4,Titan(1337),true,false,false,4,14,Solstice of Heroes,6,12,10,12,6,7,53,24,6,12,10,12,6,7,53,24,combatstyle,,Upgrade Armor*,*,*,*,*,,,,,,,
Ursa Furiosa,1848640623,"""6917529189533221271""",,Exotic,Gauntlets,,Titan,1310,,Void Energy Capacity,10,Titan(1337),true,false,false,2,4,,12,11,16,4,26,-2,67,11,10,9,14,2,24,6,65,11,combatstyle,,Anti-Barrier Scout Rifle*,Unstoppable Grenade Launcher*,Protective Light*,Aposematism*,Upgrade Armor*,*,*,*,*,Ursus Maritimus*,Ursine Guard*,
Stronghold,2240152949,"""6917529219888328144""",,Exotic,Gauntlets,,Titan,1320,,Void Energy Capacity,10,Titan(1337),true,true,false,2,6,,8,22,11,22,15,-6,72,35,6,20,9,15,13,2,65,35,combatstyle,,Minor Discipline Mod*,Trace Rifle Loader*,Anti-Barrier Scout Rifle*,Protective Light*,Shattered Sky*,Upgrade Armor*,*,*,*,*,Otto's Resolve*,Clenched Fist*
Doom Fang Pauldron,241462141,"""6917529203450831258""",,Exotic,Gauntlets,,Titan,1316,,Arc Energy Capacity,10,Titan(1337),true,false,false,1,1,,9,5,24,9,4,32,83,10,7,3,22,7,2,20,61,10,combatstyle,,Strength Mod*,Momentum Transfer*,Elemental Light*,Up for Grabs*,Upgrade Armor*,*,*,*,*,Embodiment of the Warbeast*,Horns of Doom*,
Lightkin Gauntlets,3399325807,"""6917529405653568551""",,Legendary,Gauntlets,servitor,Titan,1310,,Solar Energy Capacity,3,Titan(1337),true,true,false,4,14,,2,15,15,2,30,2,66,17,2,15,15,2,30,2,66,17,combatstyle,,Upgrade Armor*,*,*,*,*,,,,,,,
Lightkin Gauntlets,3399325807,"""6917529405903518925""",,Legendary,Gauntlets,servitor,Titan,1310,,Arc Energy Capacity,1,Titan(1337),true,false,false,4,14,,2,2,29,2,20,10,65,4,2,2,29,2,20,10,65,4,combatstyle,,Change Energy Type*,*,*,*,*,,,,,,,
Sunstead Plate (Magnificent),1770862260,"""6917529405875610199""",,Legendary,Chest Armor,events,Titan,1320,,Arc Energy Capacity,1,Titan(1337),true,false,false,4,14,Solstice of Heroes,14,6,6,8,2,17,53,14,14,6,6,8,2,17,53,14,combatstyle,,Change Energy Type*,*,*,*,*,,,,,,,
Heart of Inmost Light,1341951177,"""6917529391407146948""",,Exotic,Chest Armor,,Titan,1319,,Solar Energy Capacity,10,Titan(1337),true,false,false,2,4,,6,22,14,10,17,11,80,28,4,20,12,8,15,9,68,28,combatstyle,,Upgrade Armor*,*,*,*,*,Overflowing Light*,,,,,,
Dreambane Plate,175015316,"""6917529407582994283""",,Legendary,Chest Armor,moon,Titan,1310,,Solar Energy Capacity,2,Titan(1337),true,false,false,4,13,,13,12,8,10,9,12,64,22,13,12,8,10,9,12,64,22,"combatstyle,nightmare",,Upgrade Armor*,*,*,*,*,,,,,,,
Severance Enclosure,2326396534,"""6917529193769507719""",,Exotic,Chest Armor,,Titan,1300,,Void Energy Capacity,10,Titan(1337),true,false,false,3,9,,12,18,19,12,4,9,74,26,10,16,7,10,2,17,62,26,combatstyle,,Recovery Mod*,Melee Damage Resistance*,Concussive Dampener*,Protective Light*,Pyretic Clash*,Upgrade Armor*,*,*,*,*,Spheromatik Trigger*,
Shadow's Plate,3406713877,"""6917529175395162747""",,Legendary,Chest Armor,crownofsorrow,Titan,1310,,Void Energy Capacity,10,Titan(1337),true,true,false,3,11,,4,22,13,8,10,9,66,26,2,20,11,6,8,17,64,26,combatstyle,,Rocket Launcher Reserves*,Rocket Launcher Reserves*,Protective Light*,Pomegranate Gloss*,Upgrade Armor*,*,*,*,*,Sunbreak Plate*,,
Plate of Transcendence,3939809874,"""6917529188783792991""",,Legendary,Chest Armor,garden,Titan,1318,,Arc Energy Capacity,10,Titan(1337),true,false,false,3,11,,24,27,16,24,4,9,104,37,2,15,14,22,2,7,62,37,"combatstyle,gardenofsalvation",,Resilience Mod*,Sniper Damage Resistance*,Arc Resistance*,Powerful Friends*,Aposematism*,Upgrade Armor*,*,*,*,*,Pyrrhic Ascent Plate*,
Armamentarium,3874247549,"""6917529187477746816""",,Exotic,Chest Armor,,Titan,1310,,Void Energy Capacity,10,Titan(1337),true,false,false,1,3,,4,22,14,34,4,9,87,42,2,20,12,22,2,7,65,42,combatstyle,,Discipline Mod*,Sniper Damage Resistance*,Concussive Dampener*,Elemental Ordnance*,Valkyrie Zero*,Upgrade Armor*,*,*,*,*,Shock Grenadier*,And Another Thing*
Cuirass of the Falling Star,2321120637,"""6917529272648900005""",,Exotic,Chest Armor,lostsectors,Titan,1318,,Solar Energy Capacity,10,Titan(1337),true,true,false,4,13,,17,17,14,4,23,9,84,17,15,15,2,2,21,7,62,17,combatstyle,,Recovery Mod*,Solar Resistance*,Sniper Damage Resistance*,Taking Charge*,Aposematism*,Upgrade Armor*,*,*,*,*,Glorious Charge*,
Crushing Greaves (CODA),1219883244,"""6917529197292923504""",,Legendary,Leg Armor,dungeon,Titan,1320,,Solar Energy Capacity,10,Titan(1337),true,false,false,3,11,,12,27,4,16,8,11,78,34,10,20,2,14,6,9,61,34,combatstyle,,Minor Resilience Mod*,Sword Scavenger*,Sword Scavenger*,Firepower*,Valkyrie Zero*,Upgrade Armor*,*,*,*,*,Solstice Greaves (Majestic)*,
Kabr's Forceful Greaves,123979037,"""6917529363029024968""",,Legendary,Leg Armor,vog,Titan,1314,,Solar Energy Capacity,10,Titan(1337),true,true,false,4,14,,16,14,8,17,15,10,80,22,14,12,6,10,13,8,63,22,"combatstyle,vaultofglass",,Minor Discipline Mod*,Sword Scavenger*,Sword Scavenger*,Crucible Vermillion*,Upgrade Armor*,*,*,*,*,Vex Destroyer*,,
Sunstead Greaves (Magnificent),1684784588,"""6917529405869757590""",,Legendary,Leg Armor,events,Titan,1320,,Arc Energy Capacity,1,Titan(1337),true,false,false,4,14,Solstice of Heroes,8,7,10,12,2,14,53,19,8,7,10,12,2,14,53,19,combatstyle,,Seven Sisters*,Change Energy Type*,*,*,*,*,,,,,,
Peacekeepers,3539357319,"""6917529289802361131""",,Exotic,Leg Armor,,Titan,1304,,Solar Energy Capacity,10,Titan(1337),true,false,false,1,1,,15,15,9,12,23,9,83,23,13,13,7,10,16,7,66,23,combatstyle,,Minor Intellect Mod*,Grenade Launcher Scavenger*,Sword Scavenger*,Supercharged*,Biolume*,Upgrade Armor*,*,*,*,*,Mecha Holster*,
Wildwood Greaves,3354170606,"""6917529225689625117""",,Legendary,Leg Armor,edz,Titan,1320,,Void Energy Capacity,10,Titan(1337),true,false,false,3,11,,4,32,4,14,22,-2,74,32,2,30,2,2,20,6,62,32,combatstyle,,Discipline Mod*,Sword Scavenger*,Trace Rifle Scavenger*,Protective Light*,Pyretic Clash*,Upgrade Armor*,*,*,*,*,,
Shadow's Greaves,4450861,"""6917529177677758789""",,Legendary,Leg Armor,crownofsorrow,Titan,1318,,Arc Energy Capacity,10,Titan(1337),true,true,false,3,11,,13,14,12,33,10,4,86,33,11,12,10,21,8,2,64,33,combatstyle,,Discipline Mod*,Grenade Launcher Scavenger*,Grenade Launcher Scavenger*,Blast Radius*,Pomegranate Gloss*,Upgrade Armor*,*,*,*,*,Valkyrian Greaves*,
The Path of Burning Steps,1453120846,"""6917529361501226585""",,Exotic,Leg Armor,lostsectors,Titan,1312,,Void Energy Capacity,9,Titan(1337),true,false,false,4,14,,16,20,6,8,14,9,73,18,16,10,6,8,14,9,63,18,combatstyle,,Resilience Mod*,Sword Scavenger*,Submachine Gun Scavenger*,Elemental Armaments*,Aposematism*,Upgrade Armor*,*,*,*,*,Firewalker*,
Dreambane Greaves,2345799798,"""6917529407576150827""",,Legendary,Leg Armor,moon,Titan,1310,,Solar Energy Capacity,7,Titan(1337),true,false,false,4,13,,2,26,2,6,2,26,64,32,2,26,2,6,2,26,64,32,"combatstyle,nightmare",,Upgrade Armor*,*,*,*,*,,,,,,,
Legacy's Oath Mark,2956588906,"""6917529232809633613""",,Legendary,Titan Mark,deepstonecrypt,Titan,1310,,Arc Energy Capacity,10,Titan(1337),true,false,false,4,12,,2,2,7,2,2,2,17,0,0,0,0,0,0,0,0,0,"combatstyle,deepstonecrypt",,Minor Recovery Mod*,Energy Accelerant*,Outreach*,Lucent Blade*,Shattered Sky*,Upgrade Armor*,Sunstead Mark*,,,,,
Light of the Great Prism,3012927512,"""6917529366398792329""",,Legendary,Titan Mark,vog,Titan,1310,,Void Energy Capacity,10,Titan(1337),true,false,false,4,14,,2,2,2,2,2,2,12,0,0,0,0,0,0,0,0,0,"combatstyle,vaultofglass",,Sundering Blast*,Energy Accelerant*,Taking Charge*,Upgrade Armor*,Celestial Mark*,,,,,,,
Light of the Great Prism,3012927512,"""6917529362960135375""",,Legendary,Titan Mark,vog,Titan,1314,,Solar Energy Capacity,10,Titan(1337),true,true,false,4,14,,2,2,7,2,2,2,17,0,0,0,0,0,0,0,0,0,"combatstyle,vaultofglass",,Minor Recovery Mod*,Sundering Blast*,Energy Accelerant*,Font of Wisdom*,Aposematism*,Upgrade Armor*,Celestial Mark*,,,,,
Sunstead Mark (Magnificent),468456841,"""6917529405864090519""",,Legendary,Titan Mark,events,Titan,1320,,Solar Energy Capacity,3,Titan(1337),true,false,false,4,14,Solstice of Heroes,0,0,0,0,0,0,0,0,0,0,0,0,0,0,0,0,combatstyle,,Upgrade Armor*,,,,,,,,,,,
Praefectus Mark,1659172686,"""6917529266599661169""",,Legendary,Titan Mark,seasonpass,Titan,1312,,Void Energy Capacity,10,Titan(1337),true,true,false,4,13,,2,2,2,12,2,2,22,0,0,0,0,0,0,0,0,0,combatstyle,,Discipline Mod*,Energy Accelerant*,Perpetuation*,Global Reach*,Omnichronia*,Upgrade Armor*,Sunstead Mark*,,,,,
Legacy's Oath Mark,2956588906,"""6917529211918864859""",,Legendary,Titan Mark,deepstonecrypt,Titan,1320,,Void Energy Capacity,10,Titan(1337),true,false,false,4,12,,2,2,2,7,-8,2,7,0,0,0,0,0,0,0,0,0,"combatstyle,deepstonecrypt",,Minor Discipline Mod*,Sundering Blast*,Perpetuation*,Extra Reserves*,Aposematism*,Upgrade Armor*,Celestial Mark*,,,,,
Primal Siege Type 1,4166795065,"""6917529408741464311""",,Rare,Helmet,campaign,Titan,1310,,Solar Energy Capacity,5,Titan(1337),true,false,false,2,4,,2,10,10,2,6,19,49,12,2,10,10,2,6,19,49,12,,,Upgrade Armor*,*,*,*,*,,,,,,,
Primal Siege Type 1,4062934448,"""6917529408753023990""",,Rare,Gauntlets,campaign,Titan,1310,,Solar Energy Capacity,5,Titan(1337),true,false,false,2,4,,2,22,2,2,6,16,50,24,2,22,2,2,6,16,50,24,,,Upgrade Armor*,*,*,*,*,,,,,,,
Solstice Helm (Magnificent),3081894763,"""6917529200703343963""",,Legendary,Helmet,events,Titan,1320,,Arc Energy Capacity,10,Titan(1337),true,false,true,3,11,Solstice of Heroes,21,23,4,28,8,4,88,37,19,11,2,26,6,2,66,37,combatstyle,,Resilience Mod*,Sword Ammo Finder*,Sword Ammo Finder*,Elemental Charge*,Laguna Cruiser*,Upgrade Armor*,*,*,*,*,Solstice Helm (Majestic)*,
Gauntlets of Exaltation,964752083,"""6917529391219701647""",,Legendary,Gauntlets,garden,Titan,1320,,Solar Energy Capacity,10,Titan(1337),true,true,true,4,12,,17,11,9,23,8,4,72,30,15,9,7,21,6,2,60,30,"combatstyle,gardenofsalvation",,Impulse Recycler*,Impulse Recycler*,Firepower*,Laguna Cruiser*,Upgrade Armor*,*,*,*,*,Solstice Gauntlets (Majestic)*,,
Phobos Warden Plate,2072548445,"""6917529268891460335""",,Legendary,Chest Armor,strikes,Titan,1319,,Solar Energy Capacity,10,Titan(1337),true,false,true,4,13,,12,4,23,26,17,4,86,16,10,2,21,14,15,2,64,16,combatstyle,,Discipline Mod*,Sniper Damage Resistance*,Solar Resistance*,Elemental Ordnance*,Laguna Cruiser*,Upgrade Armor*,*,*,*,*,Sunstead Plate*,
Lion Rampant,3539357318,"""6917529191522482766""",keep,Exotic,Leg Armor,,Titan,1320,,Solar Energy Capacity,10,Titan(1337),true,true,true,1,1,,39,6,4,8,13,16,86,10,27,4,2,6,11,14,64,10,combatstyle,,Mobility Mod*,Sword Scavenger*,Sword Scavenger*,Taking Charge*,Laguna Cruiser*,Upgrade Armor*,*,*,*,*,Belenus Boosters*,Jump Jets*
Praefectus Mark,1659172686,"""6917529266327786336""",,Legendary,Titan Mark,seasonpass,Titan,1310,,Solar Energy Capacity,10,Titan(1337),true,false,true,4,13,,2,2,2,2,2,2,12,0,0,0,0,0,0,0,0,0,combatstyle,,Energy Accelerant*,Bomber*,Firepower*,Laguna Cruiser*,Upgrade Armor*,Sunstead Mark*,,,,,,
Celestine Hood (Magnificent),139281386,"""6917529407051954288""",,Legendary,Helmet,events,Warlock,1320,,Arc Energy Capacity,2,Warlock(1338),true,false,false,4,14,Solstice of Heroes,8,17,2,2,10,11,50,4,8,17,2,2,10,11,50,4,combatstyle,,Upgrade Armor*,*,*,*,*,,,,,,,
Eimin-Tin Ritual Mask,3634942770,"""6917529407509359414""",,Legendary,Helmet,tangled,Warlock,1320,,Solar Energy Capacity,5,Warlock(1338),true,true,false,4,12,,2,2,28,19,8,2,61,47,2,2,28,19,8,2,61,47,combatstyle,,Upgrade Armor*,*,*,*,*,,,,,,,
Moonfang-X7 Crown,2288398391,"""6917529226615961288""",junk,Legendary,Helmet,dungeon,Warlock,1258,,Solar Energy Capacity,9,Warlock(1338),true,false,false,3,11,,2,13,14,12,17,13,71,16,2,13,14,2,17,13,61,16,combatstyle,,Discipline Mod*,Ashes to Assets*,Ashes to Assets*,Horizon Blush*,Upgrade Armor*,*,*,*,*,Siegebreak Cover*,,
Lightkin Cover,1245678091,"""6917529381793068380""",,Legendary,Helmet,servitor,Warlock,1310,,Solar Energy Capacity,1,Warlock(1338),true,true,false,4,14,,10,13,7,29,2,2,63,36,10,13,7,29,2,2,63,36,combatstyle,,Change Energy Type*,*,*,*,*,,,,,,,
Tesseract Trace IV,2339155434,"""6917529195709312488""",,Legendary,Helmet,legendaryengram,Warlock,1320,,Solar Energy Capacity,10,Warlock(1338),true,true,false,3,11,,11,4,30,14,21,4,84,30,9,2,18,12,19,2,62,30,combatstyle,,Recovery Mod*,Hand Cannon Ammo Finder*,Hand Cannon Ammo Finder*,Shield Break Charge*,Nectar Dynamo*,Upgrade Armor*,*,*,*,*,Solstice Hood (Majestic)*,
Mask of Righteousness,2367878193,"""6917529373506279691""",,Legendary,Helmet,garden,Warlock,1310,,Void Energy Capacity,10,Warlock(1338),true,false,false,4,12,,20,10,14,22,-6,13,73,32,13,8,12,20,2,11,66,32,"combatstyle,gardenofsalvation",,Minor Mobility Mod*,Fusion Rifle Ammo Finder*,Fusion Rifle Ammo Finder*,Extra Reserves*,Upgrade Armor*,*,*,*,*,,,
Nezarec's Sin,3381022971,"""6917529200085940621""",,Exotic,Helmet,,Warlock,1300,,Void Energy Capacity,10,Warlock(1338),true,false,false,1,1,,10,17,16,19,2,8,72,26,8,15,9,17,10,6,65,26,combatstyle,,Minor Recovery Mod*,Fusion Rifle Ammo Finder*,Fusion Rifle Ammo Finder*,Extra Reserves*,Gambit Jadestone*,Upgrade Armor*,*,*,*,*,Afraid of the Dark*,Abyssal Extractors*
Sunbracers,3787517196,"""6917529370583753399""",,Exotic,Gauntlets,,Warlock,1313,,Arc Energy Capacity,10,Warlock(1338),true,true,false,1,1,,19,8,20,18,8,14,87,29,17,6,13,16,6,12,70,29,combatstyle,,Minor Recovery Mod*,Overload Hand Cannon*,Grenade Launcher Loader*,Elemental Ordnance*,Shattered Sky*,Upgrade Armor*,*,*,*,*,Eyes of Mercury*,Helium Spirals*
Contraverse Hold,1906093346,"""6917529349843785140""",,Exotic,Gauntlets,,Warlock,1310,,Void Energy Capacity,9,Warlock(1338),true,false,false,2,4,,9,12,11,12,14,9,67,18,9,12,11,7,14,9,62,18,combatstyle,,Minor Discipline Mod*,Overload Hand Cannon*,Impulse Recycler*,Taking Charge*,Nectar Dynamo*,Upgrade Armor*,*,*,*,*,Chaotic Exchanger*,
Aeon Soul,2950045886,"""6917529380396433880""",,Exotic,Gauntlets,,Warlock,1320,,Arc Energy Capacity,10,Warlock(1338),true,false,false,1,2,,8,15,21,24,4,11,83,41,6,8,19,22,2,9,66,41,combatstyle,,Minor Resilience Mod*,Hand Cannon Loader*,Overload Hand Cannon*,Taking Charge*,Aposematism*,Upgrade Armor*,*,*,*,*,Sect of Insight*,
Gloves of the Hezen Lords,3253292022,"""6917529394002274370""",,Legendary,Gauntlets,vog,Warlock,1320,,Void Energy Capacity,9,Warlock(1338),true,false,false,4,14,,2,22,17,2,21,8,72,19,2,12,17,2,21,8,62,19,"combatstyle,vaultofglass",,Resilience Mod*,Overload Hand Cannon*,Taking Charge*,Upgrade Armor*,*,*,*,*,Anti-Oracle*,,,
Lightkin Gloves,3862902650,"""6917529356049228461""",,Legendary,Gauntlets,servitor,Warlock,1310,,Arc Energy Capacity,10,Warlock(1338),true,false,false,4,14,,4,4,32,14,9,15,78,42,2,2,30,12,7,13,66,42,combatstyle,,Grenade Launcher Loader*,Quick Charge*,Amaranth Atrocity*,Upgrade Armor*,*,*,*,*,Steeplechase Gloves*,,,
Gloves of Exaltation,984532872,"""6917529381849319821""",,Legendary,Gauntlets,garden,Warlock,1320,,Void Energy Capacity,10,Warlock(1338),true,false,false,4,12,,4,12,22,4,23,1,66,22,2,10,20,2,21,9,64,22,"combatstyle,gardenofsalvation",,Anti-Barrier Scout Rifle*,Unstoppable Grenade Launcher*,Protective Light*,Upgrade Armor*,*,*,*,*,,,,
Celestine Gloves (Magnificent),2756505819,"""6917529407838710331""",,Legendary,Gauntlets,events,Warlock,1310,,Arc Energy Capacity,1,Warlock(1338),true,false,false,4,14,Solstice of Heroes,25,2,6,14,10,7,64,20,25,2,6,14,10,7,64,20,combatstyle,,Change Energy Type*,*,*,*,*,,,,,,,
Wild Hunt Vestment,317220729,"""6917529226442836165""",,Legendary,Chest Armor,seasonpass,Warlock,1320,,Arc Energy Capacity,10,Warlock(1338),true,false,false,4,12,,11,8,20,9,8,22,78,25,9,6,18,7,6,20,66,25,combatstyle,,Sniper Damage Resistance*,Concussive Dampener*,Heavy Handed*,Circadian Chill*,Upgrade Armor*,*,*,*,*,Cuirass of the Hezen Lords*,,
Celestine Robes (Magnificent),1044615215,"""6917529407051957617""",,Legendary,Chest Armor,events,Warlock,1320,,Solar Energy Capacity,1,Warlock(1338),true,false,false,4,14,Solstice of Heroes,6,18,2,6,6,12,50,8,6,18,2,6,6,12,50,8,combatstyle,,Change Energy Type*,*,*,*,*,,,,,,,
Legacy's Oath Robes,3975122240,"""6917529403871357231""",,Legendary,Chest Armor,deepstonecrypt,Warlock,1320,,Void Energy Capacity,1,Warlock(1338),true,false,false,4,12,,23,2,8,13,16,2,64,21,23,2,8,13,16,2,64,21,"combatstyle,deepstonecrypt",,Change Energy Type*,*,*,*,*,,,,,,,
Wild Hunt Vestment,317220729,"""6917529404893662913""",,Legendary,Chest Armor,seasonpass,Warlock,1320,,Void Energy Capacity,3,Warlock(1338),true,false,false,4,12,,11,6,6,7,10,7,47,13,11,6,6,7,10,7,47,13,combatstyle,,Upgrade Armor*,*,*,*,*,,,,,,,
Starfire Protocol,2082483156,"""6917529323469988703""",,Exotic,Chest Armor,,Warlock,1310,,Arc Energy Capacity,10,Warlock(1338),true,false,false,1,1,,10,13,17,32,9,4,85,35,8,11,15,20,7,2,63,35,combatstyle,,Discipline Mod*,Concussive Dampener*,Melee Damage Resistance*,Elemental Charge*,Amaranth Atrocity*,Upgrade Armor*,*,*,*,*,Fusion Harness*,
Legacy's Oath Robes,3975122240,"""6917529217136781380""",,Legendary,Chest Armor,deepstonecrypt,Warlock,1252,,Solar Energy Capacity,9,Warlock(1338),true,false,false,4,12,,7,9,16,18,13,9,72,24,7,9,16,8,13,9,62,24,"combatstyle,deepstonecrypt",,Discipline Mod*,Concussive Dampener*,Solar Resistance*,Firepower*,Arctic Pearl*,Upgrade Armor*,*,*,*,*,Steeplechase Vestment*,
Cuirass of the Hezen Lords,3029386938,"""6917529393989760491""",,Legendary,Chest Armor,vog,Warlock,1310,,Void Energy Capacity,9,Warlock(1338),true,false,false,4,14,,11,16,10,7,16,-2,58,17,11,6,10,7,16,8,58,17,"combatstyle,vaultofglass",,Resilience Mod*,Sniper Damage Resistance*,Sniper Damage Resistance*,Protective Light*,Upgrade Armor*,*,*,*,*,Anti-Oracle*,,
Transversive Steps,138282166,"""6917529400762301686""",,Exotic,Leg Armor,,Warlock,1320,,Arc Energy Capacity,2,Warlock(1338),true,false,false,1,1,,14,8,10,2,28,2,64,12,14,8,10,2,28,2,64,12,combatstyle,,Upgrade Armor*,*,*,*,*,Strange Protractor*,,,,,,
Lunafaction Boots,4136768282,"""6917529230763476770""",,Exotic,Leg Armor,,Warlock,1310,,Void Energy Capacity,10,Warlock(1338),true,false,false,1,1,,8,9,27,12,4,11,71,30,6,7,20,10,2,19,64,30,combatstyle,,Minor Recovery Mod*,Fusion Rifle Scavenger*,Sniper Rifle Scavenger*,Protective Light*,Aniline Shock*,Upgrade Armor*,*,*,*,*,Alchemical Etchings*,
Gunsmith's Devotion Boots,940003738,"""6917529197283956977""",,Legendary,Leg Armor,dcv,Warlock,1317,,Void Energy Capacity,10,Warlock(1338),true,false,false,3,11,,15,17,-1,11,9,16,67,16,13,10,7,9,7,14,60,16,combatstyle,,Minor Resilience Mod*,Fusion Rifle Scavenger*,Fusion Rifle Scavenger*,Stacks on Stacks*,Circadian Chill*,Upgrade Armor*,*,*,*,*,Siegebreak Boots*,
Tread of the Hezen Lords,170603856,"""6917529380732854925""",,Legendary,Leg Armor,vog,Warlock,1320,,Solar Energy Capacity,8,Warlock(1338),true,true,false,4,14,,12,12,14,6,14,10,68,15,12,12,9,6,14,10,63,15,"combatstyle,vaultofglass",,Minor Recovery Mod*,Grenade Launcher Scavenger*,Machine Gun Scavenger*,Upgrade Armor*,*,*,*,*,Anti-Oracle*,,,
Geomag Stabilizers,121305948,"""6917529230726179807""",,Exotic,Leg Armor,,Warlock,1310,,Void Energy Capacity,10,Warlock(1338),true,true,false,2,4,,17,17,6,4,40,4,88,6,15,15,4,2,28,2,66,6,combatstyle,,Intellect Mod*,Grenade Launcher Scavenger*,Grenade Launcher Scavenger*,Taking Charge*,Gambit Jadestone*,Upgrade Armor*,*,*,*,*,Electromag Stabilizers*,Close Enough*
Celestine Boots (Magnificent),4012977685,"""6917529407045523835""",,Legendary,Leg Armor,events,Warlock,1320,,Arc Energy Capacity,1,Warlock(1338),true,false,false,4,14,Solstice of Heroes,7,6,11,8,7,12,51,19,7,6,11,8,7,12,51,19,combatstyle,,Change Energy Type*,*,*,*,*,,,,,,,
Transversive Steps,138282166,"""6917529407563142792""",,Exotic,Leg Armor,,Warlock,1320,,Solar Energy Capacity,1,Warlock(1338),true,false,false,1,1,,15,13,3,13,18,2,64,16,15,13,3,13,18,2,64,16,combatstyle,,Change Energy Type*,*,*,*,*,Strange Protractor*,,,,,,
Holdfast Bond,2771141010,"""6917529194102289516""",,Legendary,Warlock Bond,seasonpass,Warlock,1306,,Arc Energy Capacity,10,Warlock(1338),true,true,false,3,11,,2,2,2,2,2,2,12,0,0,0,0,0,0,0,0,0,combatstyle,,Quick Charge*,Circadian Chill*,Upgrade Armor*,Virtuous Bond*,,,,,,,,
Legacy's Oath Bond,2902277629,"""6917529388279665703""",,Legendary,Warlock Bond,deepstonecrypt,Warlock,1319,,Arc Energy Capacity,5,Warlock(1338),true,false,false,4,12,,0,0,0,0,0,0,0,0,0,0,0,0,0,0,0,0,"combatstyle,deepstonecrypt",,Upgrade Armor*,,,,,,,,,,,
Celestine Bond (Magnificent),1362709750,"""6917529407051957618""",,Legendary,Warlock Bond,events,Warlock,1320,,Arc Energy Capacity,1,Warlock(1338),true,false,false,4,14,Solstice of Heroes,0,0,0,0,0,0,0,0,0,0,0,0,0,0,0,0,combatstyle,,Change Energy Type*,,,,,,,,,,,
Wild Hunt Bond,2055947316,"""6917529404888033979""",,Legendary,Warlock Bond,seasonpass,Warlock,1320,,Void Energy Capacity,3,Warlock(1338),true,false,false,4,12,,0,0,0,0,0,0,0,0,0,0,0,0,0,0,0,0,combatstyle,,Upgrade Armor*,,,,,,,,,,,
Fragment of the Prime,2253382795,"""6917529373928649853""",,Legendary,Warlock Bond,vog,Warlock,1320,,Solar Energy Capacity,10,Warlock(1338),true,false,false,4,14,,2,2,2,12,2,2,22,0,0,0,0,0,0,0,0,0,"combatstyle,vaultofglass",,Discipline Mod*,Sundering Blast*,Firepower*,Aposematism*,Upgrade Armor*,Virtuous Bond*,,,,,,
Fragment of the Prime,2253382795,"""6917529404909515525""",,Legendary,Warlock Bond,vog,Warlock,1320,,Arc Energy Capacity,10,Warlock(1338),true,false,false,4,14,,2,2,2,12,2,2,22,0,0,0,0,0,0,0,0,0,"combatstyle,vaultofglass",,Discipline Mod*,Sundering Blast*,Sundering Blast*,Upgrade Armor*,Anti-Oracle*,,,,,,,
Chiron's Cure,1486292360,"""6917529407958191701""",,Rare,Helmet,campaign,Warlock,1310,,Arc Energy Capacity,5,Warlock(1338),true,false,false,2,4,,6,12,6,6,6,10,46,12,6,12,6,6,6,10,46,12,,,Upgrade Armor*,*,*,*,*,,,,,,,
Celestine Boots (Magnificent),4012977685,"""6917529407634892620""",,Legendary,Leg Armor,events,Warlock,1310,,Void Energy Capacity,3,Warlock(1338),true,false,false,4,14,Solstice of Heroes,24,6,2,2,12,19,65,4,24,6,2,2,12,19,65,4,combatstyle,,Upgrade Armor*,*,*,*,*,,,,,,,
Eye of Another World,3381022970,"""6917529377735589654""",,Exotic,Helmet,,Warlock,1320,,Void Energy Capacity,10,Warlock(1338),true,false,true,1,1,,9,4,24,19,4,13,73,39,7,2,22,17,2,11,61,39,combatstyle,,Linear Fusion Rifle Ammo Finder*,Trace Rifle Ammo Finder*,Taking Charge*,Aposematism*,Upgrade Armor*,*,*,*,*,Cerebral Uplink*,,
Legacy's Oath Gloves,79460168,"""6917529217066742164""",,Legendary,Gauntlets,deepstonecrypt,Warlock,1320,,Solar Energy Capacity,10,Warlock(1338),true,true,true,4,12,,4,9,27,4,28,8,80,22,2,7,20,2,26,6,63,22,"combatstyle,deepstonecrypt",,Minor Recovery Mod*,Trace Rifle Loader*,Anti-Barrier Scout Rifle*,Firepower*,Aposematism*,Upgrade Armor*,*,*,*,*,Solstice Gloves (Majestic)*,
Scorned Baron Robes,4214131061,"""6917529361382474439""",,Legendary,Chest Armor,tangled,Warlock,1320,,Solar Energy Capacity,10,Warlock(1338),true,false,true,4,12,,4,8,22,41,4,4,83,49,2,6,20,29,2,2,61,49,combatstyle,,Discipline Mod*,Sniper Damage Resistance*,Concussive Dampener*,Firepower*,Nectar Dynamo*,Upgrade Armor*,*,*,*,*,Celestine Robes*,
Boots of Ascendancy,2085872226,"""6917529373466296481""",,Legendary,Leg Armor,garden,Warlock,1320,,Solar Energy Capacity,10,Warlock(1338),true,false,true,4,12,,17,4,16,24,11,4,76,36,15,2,14,22,9,2,64,36,"combatstyle,gardenofsalvation",,Hand Cannon Scavenger*,Linear Fusion Rifle Scavenger*,Firepower*,Nectar Dynamo*,Upgrade Armor*,*,*,*,*,Celestine Boots*,,
Legacy's Oath Bond,2902277629,"""6917529318208374167""",,Legendary,Warlock Bond,deepstonecrypt,Warlock,1320,,Void Energy Capacity,10,Warlock(1338),true,false,true,4,12,,2,12,2,2,2,-8,12,0,0,0,0,0,0,0,0,0,"combatstyle,deepstonecrypt",,Resilience Mod*,Sundering Blast*,Perpetuation*,Protective Light*,Nectar Dynamo*,Upgrade Armor*,Celestine Bond*,,,,,
Fragment of the Prime,2253382795,"""6917529387375563776""",junk,Legendary,Warlock Bond,vog,Warlock,1310,,Solar Energy Capacity,3,Vault,true,false,false,4,14,,0,0,0,0,0,0,0,0,0,0,0,0,0,0,0,0,"combatstyle,vaultofglass",,Upgrade Armor*,,,,,,,,,,,
Dunemarchers,1160559849,"""6917529187217764070""",,Exotic,Leg Armor,,Titan,1319,,Solar Energy Capacity,10,Vault,true,false,false,1,1,,9,17,14,17,19,4,80,25,7,15,12,10,17,2,63,25,combatstyle,,Minor Discipline Mod*,Scout Rifle Scavenger*,Scout Rifle Scavenger*,Global Reach*,Testudo*,Upgrade Armor*,*,*,*,*,Hip Wader*,Linear Actuators*
Legacy's Oath Greaves,2558289743,"""6917529394755836551""",,Legendary,Leg Armor,deepstonecrypt,Titan,1319,,Solar Energy Capacity,1,Vault,true,false,false,4,12,,19,6,8,2,6,25,66,8,19,6,8,2,6,25,66,8,"combatstyle,deepstonecrypt",,Change Energy Type*,*,*,*,*,,,,,,,
Wings of Sacred Dawn,370930766,"""6917529407546013475""",,Exotic,Chest Armor,,Warlock,1320,,Solar Energy Capacity,3,Vault,true,false,false,1,1,,17,15,3,17,11,2,65,20,17,15,3,17,11,2,65,20,combatstyle,,Upgrade Armor*,*,*,*,*,Tome of Dawn*,,,,,,
Legacy's Oath Robes,3975122240,"""6917529371977162419""",,Legendary,Chest Armor,deepstonecrypt,Warlock,1314,,Void Energy Capacity,1,Vault,true,false,false,4,12,,20,8,2,12,6,16,64,14,20,8,2,12,6,16,64,14,"combatstyle,deepstonecrypt",,Change Energy Type*,*,*,*,*,,,,,,,
Omnioculus,1935198785,"""6917529321530255274""",,Exotic,Chest Armor,lostsectors,Hunter,1306,,Arc Energy Capacity,10,Vault,true,false,false,4,13,,19,14,14,16,15,4,82,19,17,12,2,14,13,2,60,19,combatstyle,,Recovery Mod*,Arc Resistance*,Sniper Damage Resistance*,Reactive Pulse*,Iron Precious*,Upgrade Armor*,*,*,*,*,Beyond The Veil*,
Graviton Forfeit,2773056939,"""6917529205528585021""",,Exotic,Helmet,,Hunter,1286,,Solar Energy Capacity,9,Vault,true,false,false,1,2,,23,2,15,2,15,13,70,28,13,2,15,2,15,13,60,28,combatstyle,,Mobility Mod*,Grenade Launcher Ammo Finder*,Sniper Rifle Ammo Finder*,Night's Chill*,Upgrade Armor*,*,*,*,*,Rigel Crossroads*,Vanishing Shadow*,
Doom Fang Pauldron,241462141,"""6917529195719418830""",,Exotic,Gauntlets,,Titan,1262,,Arc Energy Capacity,8,Vault,true,true,false,1,1,,2,10,22,8,15,7,64,18,2,10,22,8,15,7,64,18,combatstyle,,Impact Induction*,First Frost*,Upgrade Armor*,*,*,*,*,Embodiment of the Warbeast*,Horns of Doom*,,,
Vesper of Radius,1725917554,"""6917529231186501223""",junk,Exotic,Chest Armor,,Warlock,1259,,Arc Energy Capacity,9,Vault,true,false,false,1,2,,6,20,20,8,2,21,77,28,6,10,20,8,2,21,67,28,combatstyle,,Resilience Mod*,Melee Damage Resistance*,Lucent Blade*,Gambit Jadestone*,Upgrade Armor*,*,*,*,*,Planetary Torrent*,,
Sage Rivalry Bond,3365248655,"""6917529180212344529""",,Legendary,Warlock Bond,events,Warlock,1100,,Void Energy Capacity,7,Vault,true,false,false,3,10,Guardian Games,0,0,0,0,0,-10,-10,0,0,0,0,0,0,0,0,0,combatstyle,,Distribution*,Spirit of Competition*,Vibrant Medusa*,Upgrade Armor*,Protective Light*,,,,,,,
Mantle of Battle Harmony,3301944824,"""6917529321676104849""",,Exotic,Chest Armor,lostsectors,Warlock,1310,,Arc Energy Capacity,7,Vault,true,false,false,4,13,,14,2,13,21,2,6,58,34,14,2,13,21,2,6,58,34,combatstyle,,Heavy Handed*,Upgrade Armor*,*,*,*,*,Absorption Cells*,,,,,
Seventh Seraph Cowl,2234841490,"""6917529229896321058""",junk,Legendary,Helmet,seasonpass,Hunter,1254,,Void Energy Capacity,9,Vault,true,false,false,3,10,,7,13,15,9,15,8,67,17,2,13,15,9,15,8,62,17,combatstyle,,Minor Mobility Mod*,Fusion Rifle Ammo Finder*,Fusion Rifle Ammo Finder*,Warbrick*,Upgrade Armor*,*,*,*,*,Neoteric Kiyot Mask*,,
Orpheus Rig,193869523,"""6917529356320460907""",,Exotic,Leg Armor,,Hunter,1310,,Solar Energy Capacity,3,Vault,true,false,false,1,1,,4,8,23,2,21,9,67,27,4,8,23,2,21,9,67,27,combatstyle,,Upgrade Armor*,*,*,*,*,Uncanny Arrows*,,,,,,
War Mantis,803939997,"""6917529341278600242""",,Rare,Gauntlets,campaign,Hunter,1300,,Void Energy Capacity,5,Vault,true,true,false,2,4,,25,24,4,0,0,0,53,29,25,24,4,0,0,0,53,29,,,Upgrade Armor*,*,*,*,*,,,,,,,
Lunafaction Boots,4136768282,"""6917529390060340046""",,Exotic,Leg Armor,,Warlock,1310,,Solar Energy Capacity,2,Vault,true,false,false,1,1,,7,3,24,9,15,7,65,33,7,3,24,9,15,7,65,33,combatstyle,,Upgrade Armor*,*,*,*,*,Alchemical Etchings*,,,,,,
Synthoceps,241462142,"""6917529309264574192""",,Exotic,Gauntlets,,Titan,1309,,Arc Energy Capacity,10,Vault,true,true,false,1,1,,4,22,11,10,4,53,104,28,2,20,9,8,2,21,62,28,combatstyle,,Strength Mod*,Momentum Transfer*,Fastball*,Radiant Light*,Oiled Gunmetal*,Upgrade Armor*,*,*,*,*,~flex enhance replicate~*,Biotic Enhancements*
Solstice Helm (Majestic),536106547,"""6917529099251012978""",junk,Legendary,Helmet,events,Titan,1100,1060,Void Damage Resistance,5,Vault,false,false,false,2,7,Solstice of Heroes,0,20,10,5,5,10,50,15,0,10,10,5,5,10,40,15,,,Restorative Titan Armor*,Plasteel Reinforcement Mod*,Restorative Mod,Masterwork*,Metro Shift*,Scout Rifle Targeting,Enhanced Heavy Lifting,Enhanced Hand Cannon Targeting*,Linear Fusion Rifle Reserves,Rocket Launcher Reserves*,Empty Activity Mod Socket*,Void Armor Glow*
Philomath Cover,1196270212,"""6917529376561107686""",,Legendary,Helmet,legendaryengram,Warlock,1315,,Arc Energy Capacity,1,Vault,true,false,false,4,12,,6,2,24,14,7,10,63,38,6,2,24,14,7,10,63,38,combatstyle,,Change Energy Type*,*,*,*,*,,,,,,,
Sunbracers,3787517196,"""6917529245013121099""",junk,Exotic,Gauntlets,,Warlock,1260,,Arc Energy Capacity,9,Vault,true,true,false,1,1,,15,12,14,7,17,6,71,21,15,2,14,7,17,6,61,21,combatstyle,,Resilience Mod*,Overload Submachine Gun*,Momentum Transfer*,Upgrade Armor*,*,*,*,*,Eyes of Mercury*,Helium Spirals*,,
Khepri's Horn,2384488862,"""6917529403811352168""",,Exotic,Helmet,,Titan,1320,,Arc Energy Capacity,2,Vault,true,false,false,1,2,,10,7,15,2,13,15,62,9,10,7,15,2,13,15,62,9,combatstyle,,Upgrade Armor*,*,*,*,*,Solar Rampart*,,,,,,
Eye of Another World,3381022970,"""6917529253685389695""",junk,Exotic,Helmet,,Warlock,1250,,Solar Energy Capacity,8,Vault,true,true,false,1,1,,14,7,11,12,15,13,72,13,14,7,11,2,15,13,62,13,combatstyle,,Discipline Mod*,Sniper Rifle Ammo Finder*,Sword Ammo Finder*,Upgrade Armor*,*,*,*,*,Cerebral Uplink*,,,
Prophet Snow,2190967049,"""6917529400769205172""",,Rare,Gauntlets,campaign,Warlock,1310,,Arc Energy Capacity,5,Vault,true,false,false,2,4,,12,6,6,16,6,2,48,22,12,6,6,16,6,2,48,22,,,Upgrade Armor*,*,*,*,*,,,,,,,
Insight Rover Grips,974507844,"""6917529196552990503""",,Legendary,Gauntlets,legendaryengram,Hunter,1100,,Solar Energy Capacity,3,Vault,true,true,false,3,11,,14,15,2,6,12,15,64,16,14,15,2,6,12,15,64,16,combatstyle,,Upgrade Armor*,*,*,*,*,,,,,,,
Iron Fellowship Cloak,1248530160,"""6917529196699795999""",junk,Legendary,Hunter Cloak,ironbanner,Hunter,1234,,Arc Energy Capacity,9,Vault,true,true,false,3,11,,30,0,0,0,0,0,30,0,0,0,0,0,0,0,0,0,combatstyle,,Mobility Mod*,Outreach*,Powerful Friends*,Oiled Gunmetal*,Upgrade Armor*,,,,,,,
Wild Hunt Gloves,1276513983,"""6917529227482971224""",junk,Legendary,Gauntlets,seasonpass,Warlock,1256,,Void Energy Capacity,9,Vault,true,false,false,4,12,,19,2,7,32,7,2,69,29,19,2,7,22,7,2,59,29,combatstyle,,Discipline Mod*,Grenade Launcher Loader*,Upgrade Armor*,*,*,*,*,,,,,
Solstice Helm (Magnificent),3081894763,"""6917529200712270742""",,Legendary,Helmet,events,Titan,1100,,Arc Energy Capacity,3,Vault,true,false,false,3,11,Solstice of Heroes,2,24,7,2,11,18,64,26,2,24,7,2,11,18,64,26,combatstyle,,Upgrade Armor*,*,*,*,*,,,,,,,
Lightkin Boots,1248864692,"""6917529375993019830""",,Legendary,Leg Armor,servitor,Warlock,1310,,Void Energy Capacity,3,Vault,true,false,false,4,14,,2,14,16,7,23,2,64,23,2,14,16,7,23,2,64,23,combatstyle,,Upgrade Armor*,*,*,*,*,,,,,,,
Mark of the Great Hunt,3351877674,"""6917529324730022131""",,Legendary,Titan Mark,lastwish,Titan,1300,,Void Energy Capacity,10,Vault,true,false,false,4,12,,2,2,2,2,2,-8,2,0,0,0,0,0,0,0,0,0,"combatstyle,lastwish",,Transcendent Blessing*,Energy Accelerant*,Perpetuation*,Protective Light*,Praetorian Visage*,Upgrade Armor*,Taken Armaments*,,,,,
ACD/0 Feedback Fence,2563444729,"""6917529190261273721""",,Exotic,Gauntlets,,Titan,1300,,Void Energy Capacity,10,Vault,true,true,false,1,1,,8,20,24,18,4,18,92,24,6,8,22,16,2,16,70,24,combatstyle,,Resilience Mod*,Auto Rifle Loader*,Sidearm Loader*,Carbon Blood*,Upgrade Armor*,*,*,*,*,Endless Loop*,Fury Conductors*,
Legacy's Oath Mask,893751566,"""6917529318288953387""",junk,Legendary,Helmet,deepstonecrypt,Hunter,1306,,Void Energy Capacity,9,Vault,true,false,false,4,12,,14,8,12,9,14,-2,55,21,9,8,12,9,14,8,60,21,"combatstyle,deepstonecrypt",,Minor Mobility Mod*,Sniper Rifle Ammo Finder*,Sniper Rifle Ammo Finder*,Protective Light*,Oiled Gunmetal*,Upgrade Armor*,*,*,*,*,Virtuous Mask*,
Mk. 44 Stand Asides,136355432,"""6917529390760828337""",,Exotic,Leg Armor,,Titan,1319,,Arc Energy Capacity,7,Vault,true,false,false,1,2,,3,22,9,13,8,12,67,35,3,22,9,13,8,12,67,35,combatstyle,,Elemental Ordnance*,Upgrade Armor*,*,*,*,*,"Seriously, Watch Out*",,,,,
Moonfang-X7 Mark,3242850062,"""6917529395780412975""",,Legendary,Titan Mark,dungeon,Titan,1320,,Solar Energy Capacity,1,Vault,true,false,false,3,11,,0,0,0,0,0,0,0,0,0,0,0,0,0,0,0,0,combatstyle,,Change Energy Type*,,,,,,,,,,,
Lion's Pride,3371868783,"""6917529334977409753""",,Legendary,Titan Mark,events,Titan,1300,,Arc Energy Capacity,10,Vault,true,false,false,4,13,Guardian Games,2,2,2,12,2,2,22,0,0,0,0,0,0,0,0,0,combatstyle,,Discipline Mod*,Energy Accelerant*,One-Two Finisher*,Elemental Charge*,Aposematism*,Upgrade Armor*,Contender Mark*,Friendly Competition*,,,,
Raiju's Harness,2268523867,"""6917529170356052047""",,Exotic,Chest Armor,,Hunter,1100,,Void Energy Capacity,2,Vault,true,false,false,3,10,,7,10,15,22,7,2,63,22,7,10,15,22,7,2,63,22,combatstyle,,Upgrade Armor*,*,*,*,*,Mobius Conduit*,,,,,,
Skull of Dire Ahamkara,1030017949,"""6917529104035948905""",,Exotic,Helmet,,Warlock,1100,,Arc Energy Capacity,4,Vault,true,false,false,1,1,,10,3,21,22,2,2,60,33,10,3,11,22,2,2,50,33,combatstyle,,Recovery Mod*,Upgrade Armor*,*,*,*,*,Actual Grandeur*,,,,,
Mighty Rivalry Mark,967781090,"""6917529179774260950""",junk,Legendary,Titan Mark,events,Titan,1310,,Solar Energy Capacity,9,Vault,true,false,false,3,10,Guardian Games,0,10,0,0,0,0,10,0,0,0,0,0,0,0,0,0,combatstyle,,Resilience Mod*,Spirit of Competition*,Amethyst Veil*,Upgrade Armor*,,,,,,,,
Prime Zealot Cuirass,1133961267,"""6917529381535613826""",,Legendary,Chest Armor,vog,Hunter,1318,,Void Energy Capacity,3,Vault,true,false,false,4,14,,2,2,27,8,12,6,57,29,2,2,27,8,12,6,57,29,"combatstyle,vaultofglass",,Upgrade Armor*,*,*,*,*,,,,,,,
Mask of Bakris,1619425569,"""6917529226580233344""",,Exotic,Helmet,lostsectors,Hunter,1254,,Void Energy Capacity,6,Vault,true,false,false,4,12,,17,24,2,13,16,2,74,9,7,24,2,13,16,2,64,9,combatstyle,,Mobility Mod*,Sniper Rifle Ammo Finder*,Upgrade Armor*,*,*,*,*,Light Shift*,,,,
Mechaneer's Tricksleeves,1734144409,"""6917529197410719893""",,Exotic,Gauntlets,,Hunter,1310,,Solar Energy Capacity,8,Vault,true,false,false,1,1,,10,13,19,22,2,7,73,19,10,13,9,22,2,7,63,19,combatstyle,,Recovery Mod*,Sidearm Loader*,Overload Submachine Gun*,Carminica*,Upgrade Armor*,*,*,*,*,Spring-Loaded Mounting*,,
Crest of Alpha Lupi,1591207519,"""6917529323085298029""",,Exotic,Chest Armor,,Titan,1300,,Void Energy Capacity,10,Vault,true,false,false,1,1,,12,33,5,20,9,9,88,39,10,21,3,18,7,7,66,39,combatstyle,,Resilience Mod*,Sniper Damage Resistance*,Sniper Damage Resistance*,Upgrade Armor*,*,*,*,*,Survival Well*,,,
Reverie Dawn Helm,1472713738,"""6917529318113217017""",,Legendary,Helmet,dreaming,Titan,1300,,Arc Energy Capacity,10,Vault,true,false,false,4,13,,4,18,18,11,20,4,75,25,2,16,16,9,18,2,63,25,combatstyle,,Riven's Curse*,Grenade Launcher Ammo Finder*,Sword Ammo Finder*,Powerful Friends*,Praetorian Visage*,Upgrade Armor*,*,*,*,*,,
Seventh Seraph Mark,2369445684,"""6917529170031426276""",,Legendary,Titan Mark,seasonpass,Titan,1252,,Void Energy Capacity,10,Vault,true,false,false,3,10,,2,2,12,2,2,-8,12,0,0,0,0,0,0,0,0,0,combatstyle,,Recovery Mod*,Protective Light*,Carbon Blood*,Upgrade Armor*,Luxe Mark*,,,,,,,
Antaeus Wards,2423243921,"""6917529404154264966""",,Exotic,Leg Armor,,Titan,1320,,Void Energy Capacity,1,Vault,true,false,false,2,4,,3,16,15,6,12,12,64,22,3,16,15,6,12,12,64,22,combatstyle,,Change Energy Type*,*,*,*,*,Reflective Vents*,,,,,,
Heart of Inmost Light,1341951177,"""6917529190454058868""",,Exotic,Chest Armor,,Titan,1307,,Arc Energy Capacity,10,Vault,true,false,false,2,4,,11,19,10,24,9,15,88,29,9,17,8,12,7,13,66,29,combatstyle,,Discipline Mod*,Concussive Dampener*,Arc Resistance*,Elemental Ordnance*,Crucible Prestige*,Upgrade Armor*,*,*,*,*,Bronze Carapace*,Overflowing Light*
Transversive Steps,138282166,"""6917529154722847043""",,Exotic,Leg Armor,,Warlock,1250,,Solar Energy Capacity,10,Vault,true,true,false,1,1,,9,17,20,14,12,14,86,20,7,15,8,12,10,12,64,20,combatstyle,,Recovery Mod*,Sword Scavenger*,Sword Scavenger*,Celestial Dome*,Upgrade Armor*,*,*,*,*,Strange Protractor*,,
Antaeus Wards,2423243921,"""6917529305361838216""",,Exotic,Leg Armor,,Titan,1309,,Void Energy Capacity,10,Vault,true,false,false,2,4,,11,14,12,14,8,16,75,24,9,12,10,12,6,14,63,24,combatstyle,,Resilience Mod*,Shotgun Scavenger*,Shotgun Scavenger*,Charge Harvester*,Biolume*,Upgrade Armor*,*,*,*,*,Reflective Vents*,
Sovereign Helm,4119718816,"""6917529212173064153""",,Legendary,Helmet,nm,Titan,1252,,Void Energy Capacity,4,Vault,true,false,false,3,10,,2,20,7,18,6,9,62,38,2,20,7,18,6,9,62,38,combatstyle,,Upgrade Armor*,*,*,*,*,,,,,,,
Crystocrene Plate,1208040825,"""6917529296855065711""",,Legendary,Chest Armor,europa,Titan,1307,,Arc Energy Capacity,3,Vault,true,false,false,4,12,,8,2,22,20,9,2,63,22,8,2,22,20,9,2,63,22,combatstyle,,Upgrade Armor*,*,*,*,*,,,,,,,
Raiden Flux,2766109872,"""6917529314163853047""",,Exotic,Chest Armor,,Hunter,1300,,Solar Energy Capacity,3,Vault,true,false,false,1,1,,16,10,7,13,2,13,61,23,16,10,7,13,2,13,61,23,combatstyle,,Upgrade Armor*,*,*,*,*,Synapse Junctions*,,,,,,
The Stag,2177524718,"""6917529380405817066""",,Exotic,Helmet,,Warlock,1317,,Void Energy Capacity,2,Vault,true,false,false,1,2,,8,9,15,11,2,19,64,26,8,9,15,11,2,19,64,26,combatstyle,,Upgrade Armor*,*,*,*,*,Dearly Departed*,,,,,,
Athrys's Embrace,2415768376,"""6917529244308106741""",,Exotic,Gauntlets,lostsectors,Hunter,1256,,Void Energy Capacity,8,Vault,true,false,false,4,12,,19,7,15,9,15,6,71,24,9,7,15,9,15,6,61,24,combatstyle,,Mobility Mod*,Pulse Rifle Loader*,Auto Rifle Loader*,Forty-Four Steel*,Upgrade Armor*,*,*,*,*,Skittering Stinger*,,
Felwinter's Helm,2822465023,"""6917529165488338432""",,Exotic,Helmet,,Warlock,1100,,Arc Energy Capacity,5,Vault,true,false,false,3,10,,11,2,16,10,14,7,60,26,11,2,16,10,14,7,60,26,combatstyle,,Upgrade Armor*,*,*,*,*,Warlord's End*,,,,,,
One-Eyed Mask,2578771006,"""6917529190481730138""",,Exotic,Helmet,,Titan,1310,,Solar Energy Capacity,10,Vault,true,false,false,2,4,,9,25,5,19,10,17,85,30,7,23,3,7,8,15,63,30,combatstyle,,Discipline Mod*,Shotgun Targeting*,Shotgun Targeting*,Biolume*,Upgrade Armor*,*,*,*,*,Vengeance*,,
Sanguine Alchemy,3070555693,"""6917529183179416379""",,Exotic,Chest Armor,,Warlock,1100,,Arc Energy Capacity,1,Vault,true,false,false,1,3,,8,9,16,2,16,14,65,18,8,9,16,2,16,14,65,18,combatstyle,,Change Energy Type*,*,*,*,*,Blood Magic*,,,,,,
Ashen Wake,1734844650,"""6917529351305348709""",,Exotic,Gauntlets,,Titan,1319,,Void Energy Capacity,10,Vault,true,false,false,1,3,,4,20,18,16,13,8,79,32,2,18,16,14,11,6,67,32,combatstyle,,Impulse Recycler*,Impulse Recycler*,Elemental Ordnance*,Aposematism*,Upgrade Armor*,*,*,*,*,Bring the Heat*,,
Phoenix Cradle,1537074069,"""6917529392156769278""",,Exotic,Leg Armor,campaign,Titan,1319,,Void Energy Capacity,3,Vault,true,false,false,3,8,,18,10,2,22,2,8,62,32,18,10,2,22,2,8,62,32,combatstyle,,Upgrade Armor*,*,*,*,*,Beacons of Empowerment*,,,,,,
Helm of Saint-14,106575079,"""6917529297474949963""",,Exotic,Helmet,,Titan,1307,,Arc Energy Capacity,9,Vault,true,false,false,1,2,,6,8,19,9,9,12,63,17,6,8,19,9,9,12,63,17,combatstyle,,Shotgun Ammo Finder*,Shotgun Ammo Finder*,Reactive Pulse*,Upgrade Armor*,*,*,*,*,Starless Night*,,,
Precious Scars,3974038291,"""6917529391368300161""",,Exotic,Helmet,lostsectors,Titan,1319,,Solar Energy Capacity,3,Vault,true,false,false,4,12,,8,2,22,12,9,10,63,14,8,2,22,12,9,10,63,14,combatstyle,,Upgrade Armor*,*,*,*,*,Kintsugi*,,,,,,
Khepri's Horn,2384488862,"""6917529370640934276""",,Exotic,Helmet,,Titan,1314,,Solar Energy Capacity,10,Vault,true,false,false,1,2,,14,19,15,11,8,18,85,26,12,17,3,9,6,16,63,26,combatstyle,,Recovery Mod*,Sword Ammo Finder*,Fusion Rifle Ammo Finder*,Elemental Armaments*,Pyretic Clash*,Upgrade Armor*,*,*,*,*,Solar Rampart*,
Oathkeeper,691578978,"""6917529195729010203""",,Exotic,Gauntlets,,Hunter,1100,,Solar Energy Capacity,1,Vault,true,false,false,2,4,,20,6,7,6,9,14,62,27,20,6,7,6,9,14,62,27,combatstyle,,Change Energy Type*,*,*,*,*,Adamantine Brace*,,,,,,
The Path of Burning Steps,1453120846,"""6917529404160143916""",,Exotic,Leg Armor,lostsectors,Titan,1320,,Solar Energy Capacity,1,Vault,true,false,false,4,14,,8,2,22,2,14,14,62,4,8,2,22,2,14,14,62,4,combatstyle,,Change Energy Type*,*,*,*,*,Firewalker*,,,,,,
Severance Enclosure,2326396534,"""6917529391398707486""",,Exotic,Chest Armor,,Titan,1319,,Arc Energy Capacity,4,Vault,true,false,false,3,9,,9,13,8,15,13,2,60,28,9,13,8,15,13,2,60,28,combatstyle,,Upgrade Armor*,*,*,*,*,Spheromatik Trigger*,,,,,,
Knucklehead Radar,1321354572,"""6917529303135369161""",,Exotic,Helmet,,Hunter,1300,,Void Energy Capacity,1,Vault,true,false,false,1,1,,9,3,21,8,9,14,64,30,9,3,21,8,9,14,64,30,combatstyle,,Change Energy Type*,*,*,*,*,Upgraded Sensor Pack*,,,,,,
Boots of the Assembler,3045642045,"""6917529353007222150""",,Exotic,Leg Armor,lostsectors,Warlock,1310,,Solar Energy Capacity,9,Vault,true,false,false,4,14,,6,18,17,6,15,12,74,23,6,8,17,6,15,12,64,23,combatstyle,,Resilience Mod*,Shotgun Scavenger*,Shotgun Scavenger*,Technofusion*,Upgrade Armor*,*,*,*,*,Blessing of Order*,,
Foetracer,896224899,"""6917529328769541679""",,Exotic,Helmet,,Hunter,1309,,Solar Energy Capacity,5,Vault,true,false,false,1,1,,9,10,13,10,10,9,61,22,9,10,13,10,10,9,61,22,combatstyle,,Upgrade Armor*,*,*,*,*,Relentless Tracker*,,,,,,
Mimetic Savior Greaves,4293588774,"""6917529285136492719""",,Legendary,Leg Armor,legendaryengram,Titan,1302,,Void Energy Capacity,4,Vault,true,true,false,4,13,,15,10,7,26,2,2,62,36,15,10,7,26,2,2,62,36,combatstyle,,Upgrade Armor*,*,*,*,*,,,,,,,
Ophidian Aspect,3627185503,"""6917529230330093532""",,Exotic,Gauntlets,,Warlock,1250,,Solar Energy Capacity,8,Vault,true,false,false,1,2,,9,17,12,2,16,13,69,9,9,17,7,2,16,13,64,9,combatstyle,,Minor Recovery Mod*,Shotgun Dexterity*,Gambit Jadestone*,Upgrade Armor*,*,*,*,*,Caduceus*,Cobra Totemic*,,
Winter's Guile,3844826443,"""6917529303135366420""",,Exotic,Gauntlets,,Warlock,1300,,Arc Energy Capacity,1,Vault,true,false,false,1,1,,11,10,10,6,25,2,64,16,11,10,10,6,25,2,64,16,combatstyle,,Change Energy Type*,*,*,*,*,Warlord's Sigil*,,,,,,
Aeon Safe,1654461647,"""6917529225752802044""",,Exotic,Gauntlets,,Titan,1309,,Solar Energy Capacity,10,Vault,true,false,false,1,2,,5,32,12,18,4,13,84,36,3,20,10,16,2,11,62,36,combatstyle,,Resilience Mod*,Grenade Launcher Loader*,Kindling the Flame*,Armatura*,Upgrade Armor*,*,*,*,*,Sect of Insight*,,
Pyrrhic Ascent Plate,2671565007,"""6917529322275844699""",,Legendary,Chest Armor,trials,Titan,1300,,Solar Energy Capacity,10,Vault,true,true,false,4,13,,4,8,25,4,8,24,73,8,2,6,23,2,6,22,61,8,combatstyle,,Transcendent Blessing*,Fusion Rifle Reserves*,Concussive Dampener*,Rage of the Warmind*,Aposematism*,Upgrade Armor*,*,*,*,*,,
Greaves of the Great Hunt,2623446543,"""6917529208782871898""",,Legendary,Leg Armor,lastwish,Titan,1300,,Arc Energy Capacity,10,Vault,true,false,false,4,12,,4,18,16,20,14,4,76,34,2,16,14,18,12,2,64,34,"combatstyle,lastwish",,Transcendent Blessing*,Sword Scavenger*,Grenade Launcher Scavenger*,Reactive Pulse*,Aposematism*,Upgrade Armor*,*,*,*,*,Taken Invigoration*,
Vesper of Radius,1725917554,"""6917529370552681837""",,Exotic,Chest Armor,,Warlock,1313,,Void Energy Capacity,1,Vault,true,false,false,1,2,,2,12,19,20,2,10,65,39,2,12,19,20,2,10,65,39,combatstyle,,Change Energy Type*,*,*,*,*,Planetary Torrent*,,,,,,
Gauntlets of the Great Hunt,1952647501,"""6917529294734313581""",,Legendary,Gauntlets,lastwish,Titan,1300,,Arc Energy Capacity,10,Vault,true,false,false,4,12,,11,8,19,18,9,9,74,22,9,6,17,16,7,7,62,22,"combatstyle,lastwish",,Transcendent Blessing*,Hand Cannon Loader*,Lucent Blade*,Praetorian Visage*,Upgrade Armor*,*,*,*,*,Taken Barrier*,,
Wormhusk Crown,3562696927,"""6917529326334359416""",,Exotic,Helmet,,Hunter,1309,,Void Energy Capacity,1,Vault,true,false,false,1,3,,15,10,7,2,15,14,63,22,15,10,7,2,15,14,63,22,combatstyle,,Change Energy Type*,*,*,,*,*,Burning Souls*,,,,,
Gwisin Vest,1474735276,"""6917529215971418043""",,Exotic,Chest Armor,,Hunter,1250,,Solar Energy Capacity,1,Vault,true,false,false,2,4,,14,3,16,2,12,15,62,30,14,3,16,2,12,15,62,30,combatstyle,,Change Energy Type*,*,*,*,,*,,Roving Assassin*,,,,
Precious Scars,3974038291,"""6917529271175140794""",,Exotic,Helmet,lostsectors,Titan,1279,,Solar Energy Capacity,4,Vault,true,false,false,4,12,,6,9,14,19,10,2,60,28,6,9,14,19,10,2,60,28,combatstyle,,Upgrade Armor*,*,*,*,*,Kintsugi*,,,,,,
Liar's Handshake,4165919945,"""6917529109402021936""",,Exotic,Gauntlets,,Hunter,1100,,Solar Energy Capacity,7,Vault,true,false,false,2,6,,20,7,12,10,19,2,70,22,20,7,2,10,19,2,60,22,combatstyle,,Recovery Mod*,Bloody Tooth*,Upgrade Armor*,*,*,*,*,Thalia's Reach*,Cross Counter*,,,
Legacy's Oath Strides,1264765761,"""6917529341859422961""",,Legendary,Leg Armor,deepstonecrypt,Hunter,1310,,Arc Energy Capacity,9,Vault,true,false,false,4,12,,20,17,6,8,12,10,73,26,20,7,6,8,12,10,63,26,"combatstyle,deepstonecrypt",,Resilience Mod*,Shotgun Scavenger*,Shotgun Scavenger*,Carminica*,Upgrade Armor*,*,*,*,*,,,
Stormdancer's Brace,1996008488,"""6917529380405817062""",,Exotic,Chest Armor,campaign,Warlock,1317,,Solar Energy Capacity,4,Vault,true,false,false,3,8,,24,2,7,2,15,14,64,9,24,2,7,2,15,14,64,9,combatstyle,,Upgrade Armor*,*,*,*,*,Ascending Amplitude*,,,,,,
Kabr's Brazen Grips,3368765451,"""6917529393135212747""",,Legendary,Gauntlets,vog,Titan,1320,,Arc Energy Capacity,3,Vault,true,false,false,4,14,,14,2,16,10,2,19,63,12,14,2,16,10,2,19,63,12,"combatstyle,vaultofglass",,Upgrade Armor*,*,*,*,*,,,,,,,
Wormgod Caress,1734844651,"""6917529292531830379""",,Exotic,Gauntlets,,Titan,1312,,Void Energy Capacity,10,Vault,true,false,false,1,3,,14,15,0,4,12,22,67,15,12,13,8,2,10,20,65,15,combatstyle,,Focusing Strike*,Focusing Strike*,Stacks on Stacks*,Carminica*,Upgrade Armor*,*,*,*,*,Burning Fists*,,
Khepri's Sting,2757274117,"""6917529341250181574""",,Exotic,Gauntlets,,Hunter,1310,,Solar Energy Capacity,1,Vault,true,false,false,2,7,,16,11,7,2,17,10,63,23,16,11,7,2,17,10,63,23,combatstyle,,Change Energy Type*,*,*,*,*,Touch of Venom*,,,,,,
Phoenix Protocol,4057299719,"""6917529195734857310""",,Exotic,Chest Armor,,Warlock,1100,,Solar Energy Capacity,5,Vault,true,false,false,2,4,,10,8,15,18,14,6,71,23,10,8,15,8,14,6,61,23,combatstyle,,Discipline Mod*,Concussive Dampener*,Sniper Damage Resistance*,Upgrade Armor*,*,*,*,,*,,Battle-Hearth*,
Primal Siege Type 1,4062934448,"""6917529403790918535""",,Rare,Gauntlets,campaign,Titan,1310,,Arc Energy Capacity,5,Vault,true,false,false,2,4,,12,2,12,12,6,6,50,14,12,2,12,12,6,6,50,14,,,Upgrade Armor*,*,*,*,*,,,,,,,
Promethium Spur,235591051,"""6917529373593749417""",,Exotic,Leg Armor,,Warlock,1314,,Void Energy Capacity,2,Vault,true,false,false,3,9,,8,2,21,10,11,10,62,31,8,2,21,10,11,10,62,31,combatstyle,,Upgrade Armor*,*,*,*,*,Embers of Light*,,,,,,
Prime Zealot Strides,129332559,"""6917529381548527730""",,Legendary,Leg Armor,vog,Hunter,1319,,Void Energy Capacity,4,Vault,true,false,false,4,14,,7,8,16,14,10,7,62,23,7,8,16,14,10,7,62,23,"combatstyle,vaultofglass",,Upgrade Armor*,*,*,*,*,,,,,,,
Wings of Sacred Dawn,370930766,"""6917529329362500247""",,Exotic,Chest Armor,,Warlock,1309,,Void Energy Capacity,5,Vault,true,false,false,1,1,,11,11,9,23,2,6,62,32,11,11,9,23,2,6,62,32,combatstyle,,Gambit Jadestone*,Upgrade Armor*,*,*,*,*,Midnight Sun*,Tome of Dawn*,,,,
Necrotic Grip,2780717641,"""6917529228412485865""",,Exotic,Gauntlets,lostsectors,Warlock,1257,,Solar Energy Capacity,9,Vault,true,false,false,4,12,,8,7,23,7,2,20,67,20,8,7,13,7,2,20,57,20,combatstyle,,Recovery Mod*,Hand Cannon Loader*,Fastball*,Gambit Jadestone*,Upgrade Armor*,*,*,*,*,Grasp of the Devourer*,,
Black Shield Mark,3438103366,"""6917529392085883078""",,Rare,Titan Mark,campaign,Titan,1310,,Solar Energy Capacity,5,Vault,true,false,false,2,4,,0,0,0,0,0,0,0,0,0,0,0,0,0,0,0,0,,,Upgrade Armor*,,,,,,,,,,,
Solstice Greaves (Magnificent),2660623764,"""6917529200694155449""",,Legendary,Leg Armor,events,Titan,1100,,Solar Energy Capacity,3,Vault,true,false,false,3,11,Solstice of Heroes,16,2,16,6,13,12,65,8,16,2,16,6,13,12,65,8,combatstyle,,Upgrade Armor*,*,*,*,*,,,,,,,
Plate of the Great Hunt,1146451699,"""6917529358215042383""",,Legendary,Chest Armor,lastwish,Titan,1310,,Solar Energy Capacity,1,Vault,true,false,false,4,12,,2,24,6,22,2,6,62,46,2,24,6,22,2,6,62,46,"combatstyle,lastwish",,Change Energy Type*,*,*,*,*,,,,,,,
Prime Zealot Gloves,3753500813,"""6917529381535620306""",,Legendary,Gauntlets,vog,Hunter,1317,,Void Energy Capacity,4,Vault,true,false,false,4,14,,7,10,15,16,14,2,64,22,7,10,15,16,14,2,64,22,"combatstyle,vaultofglass",,Upgrade Armor*,*,*,*,*,,,,,,,
Legacy's Oath Gauntlets,1887490701,"""6917529394751409522""",,Legendary,Gauntlets,deepstonecrypt,Titan,1310,,Void Energy Capacity,3,Vault,true,false,false,4,12,,10,11,9,13,8,8,59,24,10,11,9,13,8,8,59,24,"combatstyle,deepstonecrypt",,Upgrade Armor*,*,*,*,*,,,,,,,
Star-Eater Scales,1001356380,"""6917529353024294907""",junk,Exotic,Leg Armor,lostsectors,Hunter,1310,,Void Energy Capacity,9,Vault,true,false,false,4,14,,10,10,21,9,11,9,70,21,10,10,11,9,11,9,60,21,combatstyle,,Recovery Mod*,Sniper Rifle Scavenger*,Fusion Rifle Scavenger*,Upgrade Armor*,*,*,*,*,Feast of Light*,,,
Legacy's Oath Robes,3975122240,"""6917529306011552708""",junk,Legendary,Chest Armor,deepstonecrypt,Warlock,1310,,Arc Energy Capacity,8,Vault,true,false,false,4,12,,9,8,14,15,6,9,61,29,9,8,14,15,6,9,61,29,"combatstyle,deepstonecrypt",,Shotgun Reserves*,Shotgun Reserves*,Upgrade Armor*,*,*,*,*,Herd Thinner*,,,,
Shattered Vault Cloak,3339387242,"""6917529373762677287""",,Legendary,Hunter Cloak,vog,Hunter,1315,,Arc Energy Capacity,2,Vault,true,false,false,4,14,,0,0,0,0,0,0,0,0,0,0,0,0,0,0,0,0,"combatstyle,vaultofglass",,Upgrade Armor*,,,,,,,,,,,
Lightkin Gauntlets,3399325807,"""6917529374489674579""",,Legendary,Gauntlets,servitor,Titan,1310,,Void Energy Capacity,3,Vault,true,false,false,4,14,,2,22,8,20,6,6,64,42,2,22,8,20,6,6,64,42,combatstyle,,Upgrade Armor*,*,*,*,*,,,,,,,
Lion Rampant,3539357318,"""6917529392140859006""",,Exotic,Leg Armor,,Titan,1319,,Void Energy Capacity,3,Vault,true,false,false,1,1,,7,8,20,15,12,2,64,23,7,8,20,15,12,2,64,23,combatstyle,,Upgrade Armor*,*,*,*,*,Jump Jets*,,,,,,
Icefall Mantle,1467044898,"""6917529223986888081""",,Exotic,Gauntlets,lostsectors,Titan,1257,,Arc Energy Capacity,9,Vault,true,false,false,4,12,,2,23,15,19,2,8,69,32,2,13,15,19,2,8,59,32,combatstyle,,Resilience Mod*,Swift Charge*,Carminica*,Upgrade Armor*,*,*,*,*,Glacial Guard*,,,
Citan's Ramparts,1190497097,"""6917529376940323204""",,Exotic,Gauntlets,,Titan,1316,,Void Energy Capacity,1,Vault,true,false,false,3,10,,7,12,12,15,15,2,63,27,7,12,12,15,15,2,63,27,combatstyle,,Change Energy Type*,*,*,*,*,Assault Barricade*,,,,,,
Actium War Rig,1591207518,"""6917529176764764111""",,Exotic,Chest Armor,,Titan,1300,,Arc Energy Capacity,10,Vault,true,true,false,1,1,,5,17,24,23,8,4,81,31,3,10,22,21,6,2,64,31,combatstyle,,Minor Resilience Mod*,Machine Gun Reserves*,Machine Gun Reserves*,Taking Charge*,Carminica*,Upgrade Armor*,*,*,*,*,Auto-Loading Link*,
Eternal Warrior,2808156426,"""6917529391398705104""",,Exotic,Helmet,,Titan,1320,,Void Energy Capacity,4,Vault,true,false,false,1,3,,11,14,9,8,12,9,63,22,11,14,9,8,12,9,63,22,combatstyle,,Upgrade Armor*,*,*,*,*,Resolute*,,,,,,
Gauntlets of Exaltation,964752083,"""6917529394516468629""",,Legendary,Gauntlets,garden,Titan,1310,,Solar Energy Capacity,1,Vault,true,false,false,4,12,,8,15,7,7,22,2,61,22,8,15,7,7,22,2,61,22,"combatstyle,gardenofsalvation",,Change Energy Type*,*,*,*,*,,,,,,,
Iron Remembrance Helm,1882457108,"""6917529170815896686""",,Legendary,Helmet,ironbanner,Titan,1100,,Void Energy Capacity,10,Vault,true,true,false,3,10,,4,25,15,10,13,2,69,31,2,23,8,8,11,10,62,31,combatstyle,,Minor Recovery Mod*,Shotgun Ammo Finder*,Shotgun Ammo Finder*,Protective Light*,Ancient Republic*,Upgrade Armor*,*,*,*,*,Solstice Helm (Magnificent)*,
Greaves of Ascendancy,11974904,"""6917529194393715297""",junk,Legendary,Leg Armor,garden,Titan,1100,,Void Energy Capacity,9,Vault,true,true,false,3,11,,7,8,17,10,2,6,50,18,7,8,17,10,2,16,60,18,"combatstyle,gardenofsalvation",,Sniper Rifle Scavenger*,Grenade Launcher Scavenger*,Protective Light*,Iron Strength*,Upgrade Armor*,*,*,*,*,Solstice Graves (Magnificent)*,Enhanced Relay Defender*,
Fr0st-EE5,609852545,"""6917529362556357619""",,Exotic,Leg Armor,,Hunter,1310,,Arc Energy Capacity,9,Vault,true,false,false,1,3,,8,22,6,10,14,7,67,14,8,22,6,10,14,7,67,14,combatstyle,,Upgrade Armor*,*,*,*,*,Rapid Cooldown*,,,,,,
One-Eyed Mask,2578771006,"""6917529393819476021""",,Exotic,Helmet,,Titan,1319,,Arc Energy Capacity,2,Vault,true,false,false,2,4,,14,8,11,11,9,10,63,19,14,8,11,11,9,10,63,19,combatstyle,,Upgrade Armor*,*,*,*,*,Vengeance*,,,,,,
An Insurmountable Skullfort,3216110440,"""6917529236996495801""",,Exotic,Helmet,,Titan,1310,,Arc Energy Capacity,10,Vault,true,false,false,1,1,,8,26,5,23,10,4,76,45,6,24,3,21,8,2,64,45,combatstyle,,Grenade Launcher Ammo Finder*,Sword Ammo Finder*,Elemental Charge*,Crucible Prestige*,Upgrade Armor*,*,*,*,*,Transfusion Matrix*,,
Icefall Mantle,1467044898,"""6917529393810441354""",,Exotic,Gauntlets,lostsectors,Titan,1320,,Arc Energy Capacity,1,Vault,true,false,false,4,12,,7,21,2,13,10,8,61,34,7,21,2,13,10,8,61,34,combatstyle,,Change Energy Type*,*,*,*,*,Glacial Guard*,,,,,,
Mimetic Savior Gauntlets,995693468,"""6917529357023725239""",,Legendary,Gauntlets,legendaryengram,Titan,1311,,Arc Energy Capacity,1,Vault,true,false,false,4,13,,2,2,29,16,6,10,65,18,2,2,29,16,6,10,65,18,combatstyle,,Change Energy Type*,*,*,*,*,,,,,,,
St0mp-EE5,193869520,"""6917529114787219354""",,Exotic,Leg Armor,,Hunter,1100,,Arc Energy Capacity,9,Vault,true,false,false,1,1,,28,6,2,10,6,6,58,20,18,6,2,10,6,6,48,20,combatstyle,,Mobility Mod*,Grenade Launcher Scavenger*,Grenade Launcher Scavenger*,Powerful Friends*,Refurbished Black Armory*,Upgrade Armor*,*,*,*,*,Turbo-Kickers*,Hydraulic Boosters*
Lucky Pants,193869522,"""6917529196563954347""",,Exotic,Leg Armor,,Hunter,1100,,Arc Energy Capacity,3,Vault,true,true,false,1,1,,12,10,10,20,2,12,66,22,12,10,10,20,2,12,66,22,combatstyle,,Reactive Pulse*,Bloody Tooth*,Upgrade Armor*,*,*,*,*,Illegally Modded Holster*,,,,
Ophidia Spathe,978537162,"""6917529212341521054""",,Exotic,Chest Armor,,Hunter,1246,,Arc Energy Capacity,9,Vault,true,false,false,1,3,,24,7,10,14,2,13,70,24,14,7,10,14,2,13,60,24,combatstyle,,Mobility Mod*,Arc Resistance*,Concussive Dampener*,Upgrade Armor*,*,*,*,*,Scissor Fingers*,,,
Crown of Tempests,3381022969,"""6917529375691933719""",,Exotic,Helmet,,Warlock,1315,,Solar Energy Capacity,3,Vault,true,false,false,1,1,,3,19,10,2,20,12,66,12,3,19,10,2,20,12,66,12,combatstyle,,Upgrade Armor*,*,*,*,*,Conduction Tines*,,,,,,
Hallowfire Heart,1192890598,"""6917529179845820896""",,Exotic,Chest Armor,,Titan,1310,,Void Energy Capacity,9,Vault,true,false,false,1,1,,14,21,2,22,9,10,78,33,14,21,2,12,9,10,68,33,combatstyle,,Discipline Mod*,Melee Damage Resistance*,Concussive Dampener*,Elemental Ordnance*,Biolume*,Upgrade Armor*,*,*,*,*,Vulcan's Heart*,Sunfire Furnace*
Crest of Alpha Lupi,1591207519,"""6917529394772223103""",,Exotic,Chest Armor,,Titan,1319,,Solar Energy Capacity,4,Vault,true,false,false,1,1,,13,18,3,2,19,11,66,20,13,18,3,2,19,11,66,20,combatstyle,,Upgrade Armor*,*,*,*,*,Survival Well*,,,,,,
Phoenix Cradle,1537074069,"""6917529211255146453""",,Exotic,Leg Armor,campaign,Titan,1307,,Void Energy Capacity,10,Vault,true,false,false,3,8,,20,22,4,29,4,4,83,37,18,10,2,27,2,2,61,37,combatstyle,,Resilience Mod*,Sword Scavenger*,Grenade Launcher Scavenger*,Global Reach*,Aposematism*,Upgrade Armor*,*,*,*,*,Beacons of Empowerment*,
Lightkin Greaves,3973929105,"""6917529391368297333""",,Legendary,Leg Armor,servitor,Titan,1320,,Arc Energy Capacity,2,Vault,true,false,false,4,14,,17,7,2,7,17,2,52,14,17,7,2,7,17,2,52,14,combatstyle,,Upgrade Armor*,*,*,*,*,,,,,,,
Lightkin Mark,517124228,"""6917529381489768763""",,Legendary,Titan Mark,servitor,Titan,1320,,Arc Energy Capacity,1,Vault,true,true,false,4,14,,0,0,0,0,0,0,0,0,0,0,0,0,0,0,0,0,combatstyle,,Change Energy Type*,,,,,,,,,,,
Astrocyte Verse,3948284065,"""6917529403774031798""",,Exotic,Helmet,,Warlock,1320,,Solar Energy Capacity,2,Vault,true,false,false,2,7,,7,6,21,17,6,7,64,38,7,6,21,17,6,7,64,38,combatstyle,,Upgrade Armor*,*,*,*,*,Move to Survive*,,,,,,
Insight Vikti Hood,597618504,"""6917529398686576662""",,Legendary,Helmet,legendaryengram,Warlock,1320,,Void Energy Capacity,2,Vault,true,false,false,3,11,,14,2,13,23,2,7,61,36,14,2,13,23,2,7,61,36,combatstyle,,Upgrade Armor*,*,*,*,*,,,,,,,
Crystocrene Hood,1547733991,"""6917529386459789213""",,Legendary,Helmet,europa,Warlock,1320,,Arc Energy Capacity,2,Vault,true,true,false,4,12,,6,17,2,16,6,2,49,18,6,17,2,16,6,2,49,18,combatstyle,,Upgrade Armor*,*,*,*,*,,,,,,,
Pyrrhic Ascent Plate,2671565007,"""6917529310435441740""",,Legendary,Chest Armor,trials,Titan,1309,,Arc Energy Capacity,3,Vault,true,false,false,4,13,,16,6,10,8,15,9,64,14,16,6,10,8,15,9,64,14,combatstyle,,Upgrade Armor*,*,*,*,*,,,,,,,
Legacy's Oath Mask,893751566,"""6917529325473557989""",,Legendary,Helmet,deepstonecrypt,Hunter,1310,,Void Energy Capacity,10,Vault,true,false,false,4,12,,32,4,8,8,11,20,83,26,20,2,6,6,9,18,61,26,"combatstyle,deepstonecrypt",,Mobility Mod*,Shotgun Ammo Finder*,Shotgun Ammo Finder*,Carminica*,Upgrade Armor*,*,*,*,*,Virtuous Mask*,,
Nezarec's Sin,3381022971,"""6917529395646821868""",,Exotic,Helmet,,Warlock,1310,,Void Energy Capacity,1,Vault,true,false,false,1,1,,10,3,23,12,13,7,68,35,10,3,23,12,13,7,68,35,combatstyle,,Change Energy Type*,*,*,*,*,Abyssal Extractors*,,,,,,
Mask of the Quiet One,3883866764,"""6917529173128713903""",,Exotic,Helmet,,Titan,1266,,Solar Energy Capacity,9,Vault,true,false,false,1,1,,2,16,13,20,10,2,63,36,2,16,13,20,10,2,63,36,combatstyle,,Auto Rifle Ammo Finder*,Auto Rifle Ammo Finder*,Sustained Charge*,Upgrade Armor*,*,*,*,*,Thanatonaut's Peril*,Dreaded Visage*,,
Holdfast Greaves,1131831128,"""6917529307869091276""",,Legendary,Leg Armor,seasonpass,Titan,1309,,Solar Energy Capacity,3,Vault,true,false,false,3,11,,21,8,2,16,2,16,65,24,21,8,2,16,2,16,65,24,combatstyle,,Upgrade Armor*,*,*,*,*,Solstice Graves (Magnificent)*,,,,,,
Verity's Brow,2428181146,"""6917529323368649838""",,Exotic,Helmet,,Warlock,1320,,Arc Energy Capacity,10,Vault,true,false,false,1,3,,8,18,13,12,21,4,76,21,6,16,11,10,19,2,64,21,combatstyle,,Grenade Launcher Ammo Finder*,Grenade Launcher Ammo Finder*,Blast Radius*,Precursor Vex Chrome*,Upgrade Armor*,*,*,*,*,The Fourth Magic*,,
Aeon Swift,3942036043,"""6917529341261267892""",,Exotic,Gauntlets,,Hunter,1310,,Solar Energy Capacity,3,Vault,true,false,false,1,2,,17,14,3,2,14,14,64,20,17,14,3,2,14,14,64,20,combatstyle,,Upgrade Armor*,*,*,*,*,Sect of Force*,,,,,,
Getaway Artist,3084282676,"""6917529393215741422""",,Exotic,Gauntlets,,Warlock,1100,,Arc Energy Capacity,3,Vault,true,false,false,2,6,,6,7,11,12,6,6,48,23,6,7,11,12,6,6,48,23,combatstyle,,Elemental Ordnance*,Upgrade Armor*,*,*,*,*,Dynamic Duo*,,,,,
Aeon Soul,2950045886,"""6917529231174839326""",junk,Exotic,Gauntlets,,Warlock,1259,,Arc Energy Capacity,9,Vault,true,false,false,1,2,,6,4,25,7,6,15,63,32,6,4,25,7,6,15,63,32,combatstyle,,Shotgun Loader*,Grenade Launcher Loader*,Upgrade Armor*,*,*,*,*,Sect of Insight*,,,,
The Dragon's Shadow,2766109874,"""6917529192367097323""",,Exotic,Chest Armor,,Hunter,1310,,Arc Energy Capacity,10,Vault,true,false,false,1,1,,30,6,9,12,12,13,82,30,23,4,7,10,10,11,65,30,combatstyle,,Minor Mobility Mod*,Shotgun Reserves*,Shotgun Reserves*,Radiant Light*,Iron Precious*,Upgrade Armor*,*,*,*,*,Wraithmetal Mail*,
Gauntlets of Rull,2183861871,"""6917529198381593895""",,Legendary,Gauntlets,dcv,Titan,1100,,Solar Energy Capacity,8,Vault,true,true,false,3,11,,7,26,9,13,18,2,75,29,7,16,9,13,18,2,65,29,combatstyle,,Resilience Mod*,Overload Submachine Gun*,Fastball*,Taking Charge*,Upgrade Armor*,*,*,*,*,,,
Renegade Greaves,288815409,"""6917529396437170018""",,Common,Leg Armor,campaign,Titan,1100,,,,Vault,false,false,false,1,1,,1,0,0,0,0,0,1,0,1,0,0,0,0,0,1,0,,,,,,,,,,,,,,
Astrocyte Verse,3948284065,"""6917529224797724390""",,Exotic,Helmet,,Warlock,1300,,Void Energy Capacity,10,Vault,true,false,false,2,7,,9,21,-1,11,22,4,66,16,7,19,7,9,20,2,64,16,combatstyle,,Shotgun Ammo Finder*,Sword Ammo Finder*,Stacks on Stacks*,SUROS Modular*,Upgrade Armor*,*,*,*,*,Move to Survive*,,
Dreamer's Mark,2426340790,"""6917529396444564925""",,Common,Titan Mark,campaign,Titan,21,,Arc Energy Capacity,5,Vault,true,false,false,1,1,,0,0,0,0,0,0,0,0,0,0,0,0,0,0,0,0,,,Upgrade Armor*,,,,,,,,,,,
Solstice Greaves (Majestic),539189884,"""6917529099248611519""",junk,Legendary,Leg Armor,events,Titan,1100,1060,Void Damage Resistance,5,Vault,false,true,false,2,7,Solstice of Heroes,10,10,10,5,5,10,50,5,10,0,10,5,5,10,40,5,,,Restorative Titan Armor*,Mobility Enhancement Mod,Plasteel Reinforcement Mod*,Masterwork*,Power Dexterity,Oversize Weapon Dexterity,Enhanced Hand Cannon Dexterity*,Sidearm Scavenger,Submachine Gun Scavenger*,Empty Activity Mod Socket*,Solar Armor Glow*,
Solstice Mark (Majestic),1520696335,"""6917529099248606883""",,Legendary,Titan Mark,events,Titan,1100,1060,Void Damage Resistance,5,Vault,false,true,false,2,7,Solstice of Heroes,0,0,0,0,0,0,0,0,0,0,0,0,0,0,0,0,,,Masterwork*,Recuperation*,Invigoration,Insulation,Auto Rifle Scavenger*,Sniper Rifle Reserves,Sword Scavenger,Empty Activity Mod Socket*,Void Armor Glow*,,,
Star-Eater Scales,1001356380,"""6917529370984970632""",,Exotic,Leg Armor,lostsectors,Hunter,1312,,Arc Energy Capacity,1,Vault,true,false,false,4,14,,28,2,2,6,15,10,63,30,28,2,2,6,15,10,63,30,combatstyle,,Change Energy Type*,*,*,*,*,Feast of Light*,,,,,,
Peregrine Greaves,2255796155,"""6917529191505384021""",,Exotic,Leg Armor,,Titan,1100,,Arc Energy Capacity,10,Vault,true,true,false,2,7,,25,9,8,4,10,23,79,9,23,7,6,2,8,21,67,9,combatstyle,,Upgrade Armor*,*,*,*,*,Peregrine Strike*,,,,,,
Legion-Bane,3867725217,"""6917529398191321919""",,Rare,Gauntlets,campaign,Titan,1310,,Solar Energy Capacity,5,Vault,true,false,false,2,4,,11,2,10,2,10,12,47,4,11,2,10,2,10,12,47,4,,,Upgrade Armor*,*,*,*,*,,,,,,,
Apotheosis Veil,1096253259,"""6917529231203670836""",,Exotic,Helmet,,Warlock,1259,,Arc Energy Capacity,2,Vault,true,false,false,1,3,,8,10,13,8,16,9,64,21,8,10,13,8,16,9,64,21,combatstyle,,Upgrade Armor*,*,*,*,*,Insatiable*,,,,,,
Phobos Warden Helm,1884301546,"""6917529222743411290""",,Legendary,Helmet,strikes,Titan,1257,,Solar Energy Capacity,9,Vault,true,true,false,4,12,,2,2,25,24,6,2,61,26,2,2,25,24,6,2,61,26,combatstyle,,Pulse Rifle Targeting*,Pulse Rifle Targeting*,Upgrade Armor*,*,*,*,*,Solstice Helm (Magnificent)*,,,,
Gloves of the Hezen Lords,3253292022,"""6917529394002279584""",,Legendary,Gauntlets,vog,Warlock,1310,,Arc Energy Capacity,1,Vault,true,false,false,4,14,,6,7,17,2,16,14,62,19,6,7,17,2,16,14,62,19,"combatstyle,vaultofglass",,Change Energy Type*,*,*,*,*,,,,,,,
Eye of Another World,3381022970,"""6917529399995955205""",,Exotic,Helmet,,Warlock,1320,,Solar Energy Capacity,2,Vault,true,false,false,1,1,,6,6,21,8,22,2,65,29,6,6,21,8,22,2,65,29,combatstyle,,Upgrade Armor*,*,*,*,*,Cerebral Uplink*,,,,,,
Gemini Jester,1163283805,"""6917529200085940838""",,Exotic,Leg Armor,,Hunter,1100,,Arc Energy Capacity,1,Vault,true,false,false,1,2,,11,14,7,18,6,9,65,18,11,14,7,18,6,9,65,18,combatstyle,,Change Energy Type*,*,*,,*,*,Misdirection*,,,,,
Crushing Guard (CODA),818644818,"""6917529315406852112""",,Legendary,Gauntlets,dungeon,Titan,1300,,Solar Energy Capacity,3,Vault,true,false,false,3,11,,18,2,13,21,2,8,64,23,18,2,13,21,2,8,64,23,combatstyle,,Upgrade Armor*,*,*,*,*,,,,,,,
Dunemarchers,1160559849,"""6917529377013140597""",,Exotic,Leg Armor,,Titan,1316,,Arc Energy Capacity,9,Vault,true,false,false,1,1,,7,18,7,18,7,6,63,36,7,18,7,18,7,6,63,36,combatstyle,,Transcendent Blessing*,Sword Scavenger*,Grenade Launcher Scavenger*,Radiant Light*,Praetorian Visage*,Upgrade Armor*,*,*,*,*,Huskcrushers*,Linear Actuators*
RPC Valiant,2466525328,"""6917529397431626130""",,Rare,Gauntlets,campaign,Titan,1310,,Solar Energy Capacity,5,Vault,true,false,false,2,4,,7,6,10,6,2,16,47,12,7,6,10,6,2,16,47,12,,,Upgrade Armor*,*,*,*,*,,,,,,,
Mk. 44 Stand Asides,136355432,"""6917529211294763188""",,Exotic,Leg Armor,,Titan,1252,,Arc Energy Capacity,4,Vault,true,false,false,1,2,,13,15,6,16,2,14,66,31,13,15,6,16,2,14,66,31,combatstyle,,Grenade Launcher Scavenger*,Grenade Launcher Scavenger*,Upgrade Armor*,*,*,*,*,"Seriously, Watch Out*",,,,
Karnstein Armlets,3844826440,"""6917529198098241978""",,Exotic,Gauntlets,,Warlock,1100,,Arc Energy Capacity,2,Vault,true,false,false,1,1,,15,15,3,16,8,6,63,19,15,15,3,16,8,6,63,19,combatstyle,,Upgrade Armor*,*,*,*,*,Vampire's Caress*,,,,,,
Claws of Ahamkara,3288917178,"""6917529400828129855""",,Exotic,Gauntlets,,Warlock,1320,,Void Energy Capacity,5,Vault,true,false,false,1,3,,14,6,12,12,8,11,63,24,14,6,12,12,8,11,63,24,combatstyle,,Upgrade Armor*,*,*,*,*,The Whispers*,,,,,,
Peregrine Greaves,2255796155,"""6917529403797828472""",,Exotic,Leg Armor,,Titan,1320,,Arc Energy Capacity,2,Vault,true,false,false,2,7,,18,11,6,6,12,13,66,17,18,11,6,6,12,13,66,17,combatstyle,,Upgrade Armor*,*,*,*,*,Peregrine Strike*,,,,,,
Kabr's Battlecage,4029224226,"""6917529398925161070""",,Legendary,Helmet,vog,Titan,1320,,Solar Energy Capacity,3,Vault,true,false,false,4,14,,12,7,14,6,12,14,65,13,12,7,14,6,12,14,65,13,"combatstyle,vaultofglass",,Upgrade Armor*,*,*,*,*,,,,,,,
Helm of Righteousness,959087754,"""6917529394506203321""",,Legendary,Helmet,garden,Titan,1310,,Solar Energy Capacity,9,Vault,true,false,false,4,12,,9,16,6,10,7,15,63,26,9,16,6,10,7,15,63,26,"combatstyle,gardenofsalvation",,Sniper Rifle Ammo Finder*,Grenade Launcher Ammo Finder*,Upgrade Armor*,*,*,*,*,Enhanced Relay Defender*,,,,
Kabr's Brazen Grips,3368765451,"""6917529393135213419""",,Legendary,Gauntlets,vog,Titan,1320,,Solar Energy Capacity,9,Vault,true,false,false,4,14,,13,6,12,14,15,2,62,20,13,6,12,14,15,2,62,20,"combatstyle,vaultofglass",,Anti-Barrier Scout Rifle*,Trace Rifle Loader*,Crucible Vermillion*,Upgrade Armor*,*,*,*,*,,,,
Kabr's Brazen Grips,3368765451,"""6917529387436017383""",,Legendary,Gauntlets,vog,Titan,1320,,Arc Energy Capacity,7,Vault,true,false,false,4,14,,2,19,12,12,8,10,63,31,2,19,12,12,8,10,63,31,"combatstyle,vaultofglass",,Sniper Rifle Loader*,Elemental Charge*,Upgrade Armor*,*,*,*,*,,,,,
Ophidian Aspect,3627185503,"""6917529404985007074""",,Exotic,Gauntlets,,Warlock,1320,,Solar Energy Capacity,2,Vault,true,false,false,1,2,,11,7,13,10,20,2,63,23,11,7,13,10,20,2,63,23,combatstyle,,Upgrade Armor*,*,*,*,*,Cobra Totemic*,,,,,,
Claws of Ahamkara,3288917178,"""6917529386263999357""",,Exotic,Gauntlets,,Warlock,1319,,Arc Energy Capacity,5,Vault,true,false,false,1,3,,19,9,4,7,7,17,63,11,19,9,4,7,7,17,63,11,combatstyle,,Upgrade Armor*,*,*,*,*,The Whispers*,,,,,,
Winter's Guile,3844826443,"""6917529398676463652""",,Exotic,Gauntlets,,Warlock,1320,,Solar Energy Capacity,2,Vault,true,false,false,1,1,,2,12,20,12,2,15,63,32,2,12,20,12,2,15,63,32,combatstyle,,Upgrade Armor*,*,*,*,*,Warlord's Sigil*,,,,,,
Chromatic Fire,4057299718,"""6917529387006213425""",,Exotic,Chest Armor,,Warlock,1310,,Void Energy Capacity,1,Vault,true,false,false,2,4,,6,12,15,12,19,2,66,27,6,12,15,12,19,2,66,27,combatstyle,,Change Energy Type*,*,*,*,*,Crystalline Transistor*,,,,,,
Lucky Raspberry,903984858,"""6917529150941311213""",,Exotic,Chest Armor,,Hunter,1100,,Solar Energy Capacity,7,Vault,true,true,false,1,1,,8,25,12,7,16,9,77,10,8,25,2,7,16,9,67,10,combatstyle,,Recovery Mod*,Upgrade Armor*,*,*,*,*,Probability Matrix*,,,,,
Moonfang-X7 Rig,4121885325,"""6917529195364077248""",,Legendary,Chest Armor,dungeon,Hunter,1100,,Arc Energy Capacity,1,Vault,true,false,false,3,11,,23,2,6,2,12,19,64,29,23,2,6,2,12,19,64,29,combatstyle,,Change Energy Type*,*,*,*,*,,,,,,,
Phoenix Protocol,4057299719,"""6917529400024389145""",,Exotic,Chest Armor,,Warlock,1320,,Solar Energy Capacity,6,Vault,true,false,false,2,4,,15,8,11,10,13,8,65,21,15,8,11,10,13,8,65,21,combatstyle,,Concussive Dampener*,Sniper Damage Resistance*,Upgrade Armor*,*,*,*,*,Battle-Hearth*,,,,
Insight Vikti Boots,2837138379,"""6917529404881157321""",,Legendary,Leg Armor,legendaryengram,Warlock,1320,,Solar Energy Capacity,4,Vault,true,false,false,3,11,,9,7,14,2,19,6,57,16,9,7,14,2,19,6,57,16,combatstyle,,Upgrade Armor*,*,*,*,*,,,,,,,
Solstice Cloak (Majestic),410854224,"""6917529200798555536""",,Legendary,Hunter Cloak,events,Hunter,1249,,Void Energy Capacity,7,Vault,true,false,false,3,11,Solstice of Heroes,5,0,0,0,0,-10,-5,0,0,0,0,0,0,0,0,0,combatstyle,,Minor Mobility Mod*,Perpetuation*,Perpetuation*,Protective Light*,Upgrade Armor*,Steeplechase Cloak*,,,,,,
Chiron's Cure,833626649,"""6917529406109523233""",,Rare,Gauntlets,campaign,Warlock,1310,,Arc Energy Capacity,5,Vault,true,false,false,2,4,,10,2,14,12,2,12,52,26,10,2,14,12,2,12,52,26,,,Upgrade Armor*,*,*,*,*,,,,,,,
Aeon Soul,2950045886,"""6917529403780184727""",,Exotic,Gauntlets,,Warlock,1320,,Arc Energy Capacity,2,Vault,true,false,false,1,2,,16,4,14,2,19,12,67,16,16,4,14,2,19,12,67,16,combatstyle,,Upgrade Armor*,*,*,*,*,Sect of Force*,,,,,,
Dawn Chorus,2316914168,"""6917529323304325311""",,Exotic,Helmet,lostsectors,Warlock,1310,,Arc Energy Capacity,3,Vault,true,false,false,4,12,,13,8,8,10,10,10,59,18,13,8,8,10,10,10,59,18,combatstyle,,Upgrade Armor*,*,*,*,*,Rites of Ember*,,,,,,
The Bombardiers,1219761634,"""6917529138909991793""",,Exotic,Leg Armor,,Hunter,1100,,Arc Energy Capacity,6,Vault,true,false,false,3,9,,12,11,13,12,9,6,63,15,2,11,13,12,9,6,53,15,combatstyle,,Mobility Mod*,Traction*,Upgrade Armor*,*,*,*,*,Parting Gift*,,,,